MDDELCC,HYDAT,Source
111,02OA050,#N/A
112,02OB009,#N/A
113,02OJ020,#N/A
114,02OJ021,#N/A
115,02OB010,#N/A
116,02OB011,#N/A
117,02OJ022,#N/A
118,02OD002,#N/A
119,02OC003,#N/A
124,02PA004,#N/A
126,02NG010,#N/A
127,02PA005,#N/A
128,02PK001,#N/A
129,02PC005,#N/A
130,02PC006,#N/A
131,02PC007,#N/A
140,02PE006,#N/A
141,02PH006,#N/A
142,02QA012,#N/A
143,02XA005,#N/A
144,02PG011,#N/A
540,02PG012,#N/A
580,02RH016,#N/A
582,02QC015,#N/A
583,02QC016,#N/A
584,02UA002,#N/A
1001,02MC010,QUEBEC HYDRO-ELECTRIC COMMISSION
1002,02MC018,QUEBEC HYDRO-ELECTRIC COMMISSION
1003,02OA016,WATER SURVEY OF CANADA (DOE) (CANADA)
1005,02OA017,#N/A
1006,02MC021,QUEBEC HYDRO-ELECTRIC COMMISSION
1011,02MB005,WATER SURVEY OF CANADA (DOE) (CANADA)
1012,02OA024,ADM. DE LA VOIE MARITIME DU SAINT-LAURENT
1013,02MC024,MINISTERE DE L'ENVIRONNEMENT DU QUEBEC
1014,02MC025,MINISTERE DE L'ENVIRONNEMENT DU QUEBEC
1015,02OA023,#N/A
1016,02PD003,#N/A
1017,02MC029,QUEBEC HYDRO-ELECTRIC COMMISSION
1019,02OC016,#N/A
1901,02OA096,MINISTERE DE L'ENVIRONNEMENT DU QUEBEC
1907,02OJ032,MINISTERE DE L'ENVIRONNEMENT DU QUEBEC
1908,02OJ033,MINISTERE DE L'ENVIRONNEMENT DU QUEBEC
2780,02UB003,#N/A
3057,02PE007,#N/A
9001,01BG007,#N/A
10101,01BH007,MINISTERE DE L'ENVIRONNEMENT DU QUEBEC
10801,01BG002,MINISTERE DE L'ENVIRONNEMENT DU QUEBEC
10802,01BG009,MINISTERE DE L'ENVIRONNEMENT DU QUEBEC
10901,01BG001,MINISTERE DE L'ENVIRONNEMENT DU QUEBEC
10902,01BG008,MINISTERE DE L'ENVIRONNEMENT DU QUEBEC
10903,01BG010,MINISTERE DE L'ENVIRONNEMENT DU QUEBEC
11001,01BG003,MINISTERE DE L'ENVIRONNEMENT DU QUEBEC
11002,01BG004,MINISTERE DE L'ENVIRONNEMENT DU QUEBEC
11003,01BG005,MINISTERE DE L'ENVIRONNEMENT DU QUEBEC
11201,01BF001,MINISTERE DE L'ENVIRONNEMENT DU QUEBEC
11202,01BF002,MINISTERE DE L'ENVIRONNEMENT DU QUEBEC
11203,01BF003,MINISTERE DE L'ENVIRONNEMENT DU QUEBEC
11204,01BF004,MINISTERE DE L'ENVIRONNEMENT DU QUEBEC
11501,01BD001,MINISTERE DE L'ENVIRONNEMENT DU QUEBEC
11502,01BD004,MINISTERE DE L'ENVIRONNEMENT DU QUEBEC
11503,01BD006,#N/A
11504,01BD007,#N/A
11505,01BD005,#N/A
11506,01BD003,#N/A
11507,01BD002,MINISTERE DE L'ENVIRONNEMENT DU QUEBEC
11508,01BD008,MINISTERE DE L'ENVIRONNEMENT DU QUEBEC
11509,01BD009,MINISTERE DE L'ENVIRONNEMENT DU QUEBEC
11601,01BJ007,WATER SURVEY OF CANADA (DOE) (CANADA)
11701,01AD005,#N/A
11702,01AD001,MINISTERE DE L'ENVIRONNEMENT DU QUEBEC
11703,01AD007,#N/A
11704,01AD008,MINISTERE DE L'ENVIRONNEMENT DU QUEBEC
11705,01AD010,#N/A
11706,01AD009,MINISTERE DE L'ENVIRONNEMENT DU QUEBEC
11707,01AD015,MINISTERE DE L'ENVIRONNEMENT DU QUEBEC
12801,01BG006,MINISTERE DE L'ENVIRONNEMENT DU QUEBEC
13001,01AA002,MINISTERE DE L'ENVIRONNEMENT DU QUEBEC
13101,01AD012,MINISTERE DE L'ENVIRONNEMENT DU QUEBEC
13102,01AD011,#N/A
13103,01AD014,MINISTERE DE L'ENVIRONNEMENT DU QUEBEC
13104,01AD013,MINISTERE DE L'ENVIRONNEMENT DU QUEBEC
13701,01AB001,#N/A
13801,01AA004,#N/A
20301,01BH008,MINISTERE DE L'ENVIRONNEMENT DU QUEBEC
20302,01BH012,MINISTERE DE L'ENVIRONNEMENT DU QUEBEC
20401,01BH002,MINISTERE DE L'ENVIRONNEMENT DU QUEBEC
20402,01BH003,MINISTERE DE L'ENVIRONNEMENT DU QUEBEC
20403,01BH009,MINISTERE DE L'ENVIRONNEMENT DU QUEBEC
20404,01BH010,MINISTERE DE L'ENVIRONNEMENT DU QUEBEC
20405,01BH011,MINISTERE DE L'ENVIRONNEMENT DU QUEBEC
20501,02QC013,MINISTERE DE L'ENVIRONNEMENT DU QUEBEC
20502,02QC014,MINISTERE DE L'ENVIRONNEMENT DU QUEBEC
20601,01BH001,MINISTERE DE L'ENVIRONNEMENT DU QUEBEC
20602,01BH005,MINISTERE DE L'ENVIRONNEMENT DU QUEBEC
20603,01BH006,#N/A
20701,02QC017,MINISTERE DE L'ENVIRONNEMENT DU QUEBEC
20801,02QC002,MINISTERE DE L'ENVIRONNEMENT DU QUEBEC
20802,02QC001,MINISTERE DE L'ENVIRONNEMENT DU QUEBEC
20901,02QC003,MINISTERE DE L'ENVIRONNEMENT DU QUEBEC
20902,02QC004,MINISTERE DE L'ENVIRONNEMENT DU QUEBEC
21401,02QC006,#N/A
21402,02QC007,MINISTERE DE L'ENVIRONNEMENT DU QUEBEC
21403,02QC010,MINISTERE DE L'ENVIRONNEMENT DU QUEBEC
21404,02QC011,MINISTERE DE L'ENVIRONNEMENT DU QUEBEC
21405,02QC008,MINISTERE DE L'ENVIRONNEMENT DU QUEBEC
21406,02QC012,MINISTERE DE L'ENVIRONNEMENT DU QUEBEC
21407,02QC009,MINISTERE DE L'ENVIRONNEMENT DU QUEBEC
21501,02QB002,#N/A
21502,02QB011,MINISTERE DE L'ENVIRONNEMENT DU QUEBEC
21601,02QB001,MINISTERE DE L'ENVIRONNEMENT DU QUEBEC
21602,02QB004,MINISTERE DE L'ENVIRONNEMENT DU QUEBEC
21603,02QB007,MINISTERE DE L'ENVIRONNEMENT DU QUEBEC
21604,02QB006,#N/A
21605,02QB008,MINISTERE DE L'ENVIRONNEMENT DU QUEBEC
21606,02QB010,MINISTERE DE L'ENVIRONNEMENT DU QUEBEC
21607,02QB009,MINISTERE DE L'ENVIRONNEMENT DU QUEBEC
21608,02QB016,MINISTERE DE L'ENVIRONNEMENT DU QUEBEC
21609,02QB018,MINISTERE DE L'ENVIRONNEMENT DU QUEBEC
21701,02QB003,MINISTERE DE L'ENVIRONNEMENT DU QUEBEC
21702,02QB005,MINISTERE DE L'ENVIRONNEMENT DU QUEBEC
21703,02QB012,#N/A
21704,02QB013,#N/A
21801,02QB014,#N/A
21901,02QA004,QUEBEC HYDRO-ELECTRIC COMMISSION
21902,02QA005,QUEBEC HYDRO-ELECTRIC COMMISSION
21903,02QA003,QUEBEC HYDRO-ELECTRIC COMMISSION
21904,02QA008,#N/A
21905,02QA009,#N/A
21906,02QA013,#N/A
21907,02QA014,#N/A
21908,02QA006,MINISTERE DE L'ENVIRONNEMENT DU QUEBEC
21909,02QA007,MINISTERE DE L'ENVIRONNEMENT DU QUEBEC
21910,02QA015,#N/A
21911,02QA018,#N/A
21912,02QA019,#N/A
21913,02QA020,#N/A
21914,02QA016,MINISTERE DE L'ENVIRONNEMENT DU QUEBEC
21915,02QA017,MINISTERE DE L'ENVIRONNEMENT DU QUEBEC
21916,02QA036,MINISTERE DE L'ENVIRONNEMENT DU QUEBEC
22001,02QA010,MINISTERE DE L'ENVIRONNEMENT DU QUEBEC
22002,02QA021,#N/A
22003,02QA002,MINISTERE DE L'ENVIRONNEMENT DU QUEBEC
22004,02QA022,#N/A
22005,02QA023,#N/A
22006,02QA024,#N/A
22007,02QA025,#N/A
22101,02QA026,MINISTERE DE L'ENVIRONNEMENT DU QUEBEC
22201,02QA027,#N/A
22202,02QA028,#N/A
22203,02QA029,#N/A
22301,02QA001,MINISTERE DE L'ENVIRONNEMENT DU QUEBEC
22302,02QA011,MINISTERE DE L'ENVIRONNEMENT DU QUEBEC
22303,02QA030,#N/A
22501,02PG009,MINISTERE DE L'ENVIRONNEMENT DU QUEBEC
22502,02PG010,MINISTERE DE L'ENVIRONNEMENT DU QUEBEC
22503,02PG008,MINISTERE DE L'ENVIRONNEMENT DU QUEBEC
22504,02PG004,MINISTERE DE L'ENVIRONNEMENT DU QUEBEC
22505,02PG003,MINISTERE DE L'ENVIRONNEMENT DU QUEBEC
22506,02PG005,MINISTERE DE L'ENVIRONNEMENT DU QUEBEC
22507,02PG006,MINISTERE DE L'ENVIRONNEMENT DU QUEBEC
22508,02PG014,MINISTERE DE L'ENVIRONNEMENT DU QUEBEC
22509,02PG007,MINISTERE DE L'ENVIRONNEMENT DU QUEBEC
22510,02PG015,MINISTERE DE L'ENVIRONNEMENT DU QUEBEC
22511,02PG016,MINISTERE DE L'ENVIRONNEMENT DU QUEBEC
22513,02PG001,MINISTERE DE L'ENVIRONNEMENT DU QUEBEC
22514,02PG017,MINISTERE DE L'ENVIRONNEMENT DU QUEBEC
22601,02PG023,MINISTERE DE L'ENVIRONNEMENT DU QUEBEC
22701,02PG002,MINISTERE DE L'ENVIRONNEMENT DU QUEBEC
22702,02PG018,MINISTERE DE L'ENVIRONNEMENT DU QUEBEC
22703,02PG019,MINISTERE DE L'ENVIRONNEMENT DU QUEBEC
22704,02PG022,MINISTERE DE L'ENVIRONNEMENT DU QUEBEC
22901,02PG020,MINISTERE DE L'ENVIRONNEMENT DU QUEBEC
22902,02PG021,#N/A
23001,02PH008,#N/A
23002,02PH012,MINISTERE DE L'ENVIRONNEMENT DU QUEBEC
23003,02PH013,#N/A
23004,02PH014,MINISTERE DE L'ENVIRONNEMENT DU QUEBEC
23101,02PH001,MINISTERE DE L'ENVIRONNEMENT DU QUEBEC
23102,02PH005,#N/A
23103,02PH002,MINISTERE DE L'ENVIRONNEMENT DU QUEBEC
23104,02PH003,MINISTERE DE L'ENVIRONNEMENT DU QUEBEC
23106,02PH010,MINISTERE DE L'ENVIRONNEMENT DU QUEBEC
23107,02PH007,MINISTERE DE L'ENVIRONNEMENT DU QUEBEC
23301,02PH004,MINISTERE DE L'ENVIRONNEMENT DU QUEBEC
23302,02PH009,MINISTERE DE L'ENVIRONNEMENT DU QUEBEC
23303,02PH011,MINISTERE DE L'ENVIRONNEMENT DU QUEBEC
23401,02PJ007,MINISTERE DE L'ENVIRONNEMENT DU QUEBEC
23402,02PJ005,MINISTERE DE L'ENVIRONNEMENT DU QUEBEC
23403,02PJ002,MINISTERE DE L'ENVIRONNEMENT DU QUEBEC
23404,02PJ022,MINISTERE DE L'ENVIRONNEMENT DU QUEBEC
23405,02PJ021,MINISTERE DE L'ENVIRONNEMENT DU QUEBEC
23406,02PJ004,MINISTERE DE L'ENVIRONNEMENT DU QUEBEC
23407,02PJ006,MINISTERE DE L'ENVIRONNEMENT DU QUEBEC
23408,02PJ003,MINISTERE DE L'ENVIRONNEMENT DU QUEBEC
23409,02PJ001,MINISTERE DE L'ENVIRONNEMENT DU QUEBEC
23410,02PJ009,#N/A
23411,02PJ024,#N/A
23412,02PJ025,MINISTERE DE L'ENVIRONNEMENT DU QUEBEC
23413,02PJ017,MINISTERE DE L'ENVIRONNEMENT DU QUEBEC
23414,02PJ016,#N/A
23415,02PJ026,MINISTERE DE L'ENVIRONNEMENT DU QUEBEC
23416,02PJ010,#N/A
23417,02PJ023,MINISTERE DE L'ENVIRONNEMENT DU QUEBEC
23418,02PJ020,MINISTERE DE L'ENVIRONNEMENT DU QUEBEC
23419,02PJ019,#N/A
23420,02PJ011,MINISTERE DE L'ENVIRONNEMENT DU QUEBEC
23421,02PJ031,MINISTERE DE L'ENVIRONNEMENT DU QUEBEC
23422,02PJ030,MINISTERE DE L'ENVIRONNEMENT DU QUEBEC
23423,02PJ028,MINISTERE DE L'ENVIRONNEMENT DU QUEBEC
23424,02PJ013,MINISTERE DE L'ENVIRONNEMENT DU QUEBEC
23425,02PJ008,MINISTERE DE L'ENVIRONNEMENT DU QUEBEC
23426,02PJ018,MINISTERE DE L'ENVIRONNEMENT DU QUEBEC
23427,02PJ012,MINISTERE DE L'ENVIRONNEMENT DU QUEBEC
23428,02PJ029,MINISTERE DE L'ENVIRONNEMENT DU QUEBEC
23429,02PJ014,MINISTERE DE L'ENVIRONNEMENT DU QUEBEC
23430,02PJ015,MINISTERE DE L'ENVIRONNEMENT DU QUEBEC
23431,02PJ032,#N/A
23432,02PJ034,MINISTERE DE L'ENVIRONNEMENT DU QUEBEC
23433,02PJ027,MINISTERE DE L'ENVIRONNEMENT DU QUEBEC
23434,02PJ033,MINISTERE DE L'ENVIRONNEMENT DU QUEBEC
23435,02PJ039,MINISTERE DE L'ENVIRONNEMENT DU QUEBEC
23436,02PJ035,MINISTERE DE L'ENVIRONNEMENT DU QUEBEC
23437,02PJ040,MINISTERE DE L'ENVIRONNEMENT DU QUEBEC
23438,02PJ036,MINISTERE DE L'ENVIRONNEMENT DU QUEBEC
23439,02PJ037,MINISTERE DE L'ENVIRONNEMENT DU QUEBEC
23440,02PJ038,MINISTERE DE L'ENVIRONNEMENT DU QUEBEC
23446,02PJ041,MINISTERE DE L'ENVIRONNEMENT DU QUEBEC
23448,02PJ042,MINISTERE DE L'ENVIRONNEMENT DU QUEBEC
23501,02PK003,MINISTERE DE L'ENVIRONNEMENT DU QUEBEC
23601,02PK004,MINISTERE DE L'ENVIRONNEMENT DU QUEBEC
23701,02PK005,MINISTERE DE L'ENVIRONNEMENT DU QUEBEC
23702,02PK009,MINISTERE DE L'ENVIRONNEMENT DU QUEBEC
23901,02PK006,MINISTERE DE L'ENVIRONNEMENT DU QUEBEC
23902,02PK007,MINISTERE DE L'ENVIRONNEMENT DU QUEBEC
23903,02PK008,QUEBEC HYDRO-ELECTRIC COMMISSION
24001,02PL001,MINISTERE DE L'ENVIRONNEMENT DU QUEBEC
24002,02PL006,#N/A
24003,02PL005,MINISTERE DE L'ENVIRONNEMENT DU QUEBEC
24004,02PL010,MINISTERE DE L'ENVIRONNEMENT DU QUEBEC
24005,02PL002,#N/A
24006,02PL003,#N/A
24007,02PL007,MINISTERE DE L'ENVIRONNEMENT DU QUEBEC
24008,02PL004,#N/A
24009,02PL008,#N/A
24010,02PL012,MINISTERE DE L'ENVIRONNEMENT DU QUEBEC
24011,02PL013,MINISTERE DE L'ENVIRONNEMENT DU QUEBEC
24012,02PL011,MINISTERE DE L'ENVIRONNEMENT DU QUEBEC
24013,02PL009,MINISTERE DE L'ENVIRONNEMENT DU QUEBEC
24014,02PL016,MINISTERE DE L'ENVIRONNEMENT DU QUEBEC
24015,02PL015,MINISTERE DE L'ENVIRONNEMENT DU QUEBEC
24016,02PL017,MINISTERE DE L'ENVIRONNEMENT DU QUEBEC
24101,02QA035,#N/A
25001,02PK002,#N/A
26101,02QB015,#N/A
30101,02OD001,MINISTERE DE L'ENVIRONNEMENT DU QUEBEC
30102,02OD008,MINISTERE DE L'ENVIRONNEMENT DU QUEBEC
30103,02OD003,MINISTERE DE L'ENVIRONNEMENT DU QUEBEC
30104,02OD012,MINISTERE DE L'ENVIRONNEMENT DU QUEBEC
30105,02OD004,MINISTERE DE L'ENVIRONNEMENT DU QUEBEC
30106,02OD010,MINISTERE DE L'ENVIRONNEMENT DU QUEBEC
30107,02OD018,MINISTERE DE L'ENVIRONNEMENT DU QUEBEC
30108,02OD019,MINISTERE DE L'ENVIRONNEMENT DU QUEBEC
30109,02OD017,MINISTERE DE L'ENVIRONNEMENT DU QUEBEC
30110,02OD011,MINISTERE DE L'ENVIRONNEMENT DU QUEBEC
30111,02OD014,MINISTERE DE L'ENVIRONNEMENT DU QUEBEC
30112,02OD015,MINISTERE DE L'ENVIRONNEMENT DU QUEBEC
30113,02OD005,#N/A
30114,02OD006,#N/A
30115,02OD007,#N/A
30116,02OD016,#N/A
30117,02OD013,MINISTERE DE L'ENVIRONNEMENT DU QUEBEC
30118,02OD009,MINISTERE DE L'ENVIRONNEMENT DU QUEBEC
30201,02OE024,MINISTERE DE L'ENVIRONNEMENT DU QUEBEC
30202,02OE025,MINISTERE DE L'ENVIRONNEMENT DU QUEBEC
30203,02OF002,QUEBEC HYDRO-ELECTRIC COMMISSION
30204,02OF004,MINISTERE DE L'ENVIRONNEMENT DU QUEBEC
30205,02OF001,MINISTERE DE L'ENVIRONNEMENT DU QUEBEC
30206,02OE004,MINISTERE DE L'ENVIRONNEMENT DU QUEBEC
30207,02OE007,VILLE DE SHERBROOKE
30208,02OE005,MINISTERE DE L'ENVIRONNEMENT DU QUEBEC
30209,02OF028,MINISTERE DE L'ENVIRONNEMENT DU QUEBEC
30210,02OE003,MINISTERE DE L'ENVIRONNEMENT DU QUEBEC
30211,02OE030,#N/A
30212,02OE017,VILLE DE SHERBROOKE
30213,02OE029,#N/A
30214,02OE026,MINISTERE DE L'ENVIRONNEMENT DU QUEBEC
30215,02OE022,MINISTERE DE L'ENVIRONNEMENT DU QUEBEC
30216,02OE020,#N/A
30217,02OE021,MINISTERE DE L'ENVIRONNEMENT DU QUEBEC
30218,02OE023,#N/A
30219,02OE016,MINISTERE DE L'ENVIRONNEMENT DU QUEBEC
30220,02OE019,MINISTERE DE L'ENVIRONNEMENT DU QUEBEC
30221,02OE006,QUEBEC HYDRO-ELECTRIC COMMISSION
30222,02OE012,#N/A
30223,02OF006,MINISTERE DE L'ENVIRONNEMENT DU QUEBEC
30224,02OE011,QUEBEC HYDRO-ELECTRIC COMMISSION
30225,02OE001,MINISTERE DE L'ENVIRONNEMENT DU QUEBEC
30226,02OF008,MINISTERE DE L'ENVIRONNEMENT DU QUEBEC
30227,02OE039,#N/A
30228,02OE008,#N/A
30229,02OE041,#N/A
30230,02OE010,MINISTERE DE L'ENVIRONNEMENT DU QUEBEC
30231,02OE043,MINISTERE DE L'ENVIRONNEMENT DU QUEBEC
30232,02OF003,MINISTERE DE L'ENVIRONNEMENT DU QUEBEC
30233,02OE013,MINISTERE DE L'ENVIRONNEMENT DU QUEBEC
30234,02OE027,MINISTERE DE L'ENVIRONNEMENT DU QUEBEC
30235,02OE009,MINISTERE DE L'ENVIRONNEMENT DU QUEBEC
30236,02OE015,MINISTERE DE L'ENVIRONNEMENT DU QUEBEC
30237,02OE028,MINISTERE DE L'ENVIRONNEMENT DU QUEBEC
30238,02OE034,MINISTERE DE L'ENVIRONNEMENT DU QUEBEC
30239,02OE036,MINISTERE DE L'ENVIRONNEMENT DU QUEBEC
30240,02OF014,MINISTERE DE L'ENVIRONNEMENT DU QUEBEC
30241,02OE045,MINISTERE DE L'ENVIRONNEMENT DU QUEBEC
30242,02OE033,MINISTERE DE L'ENVIRONNEMENT DU QUEBEC
30243,02OE035,MINISTERE DE L'ENVIRONNEMENT DU QUEBEC
30244,02OF009,MINISTERE DE L'ENVIRONNEMENT DU QUEBEC
30245,02O044 ,#N/A
30246,02OE042,MINISTERE DE L'ENVIRONNEMENT DU QUEBEC
30247,02OF015,MINISTERE DE L'ENVIRONNEMENT DU QUEBEC
30248,02OE047,#N/A
30249,02OF016,#N/A
30250,02OE068,#N/A
30251,02OE048,#N/A
30252,02OE049,#N/A
30253,02OE050,MINISTERE DE L'ENVIRONNEMENT DU QUEBEC
30254,02OE051,MINISTERE DE L'ENVIRONNEMENT DU QUEBEC
30255,02OE052,#N/A
30256,02OF018,#N/A
30257,02OE037,MINISTERE DE L'ENVIRONNEMENT DU QUEBEC
30258,02OF019,QUEBEC HYDRO-ELECTRIC COMMISSION
30259,02OE053,#N/A
30260,02OE054,MINISTERE DE L'ENVIRONNEMENT DU QUEBEC
30261,02OE055,#N/A
30262,02OF020,MINISTERE DE L'ENVIRONNEMENT DU QUEBEC
30263,02OF021,MINISTERE DE L'ENVIRONNEMENT DU QUEBEC
30264,02OE056,#N/A
30265,02OE057,#N/A
30266,02OE058,#N/A
30267,02OF022,#N/A
30268,02OF023,MINISTERE DE L'ENVIRONNEMENT DU QUEBEC
30269,02OF024,#N/A
30270,02OF025,#N/A
30271,02OF026,#N/A
30272,02OE059,VILLE DE SHERBROOKE
30273,02OF027,MINISTERE DE L'ENVIRONNEMENT DU QUEBEC
30274,02OE061,MINISTERE DE L'ENVIRONNEMENT DU QUEBEC
30275,02OE031,MINISTERE DE L'ENVIRONNEMENT DU QUEBEC
30276,02OE060,DOMINION TEXTILES COMPANY
30277,02OE038,MINISTERE DE L'ENVIRONNEMENT DU QUEBEC
30278,02OE070,MINISTERE DE L'ENVIRONNEMENT DU QUEBEC
30279,02OF011,#N/A
30280,02OE071,MINISTERE DE L'ENVIRONNEMENT DU QUEBEC
30281,02OF010,MINISTERE DE L'ENVIRONNEMENT DU QUEBEC
30282,02OE032,MINISTERE DE L'ENVIRONNEMENT DU QUEBEC
30283,02OE040,MINISTERE DE L'ENVIRONNEMENT DU QUEBEC
30284,02OE062,MINISTERE DE L'ENVIRONNEMENT DU QUEBEC
30285,02OE046,#N/A
30288,02OE065,#N/A
30289,02OE066,MINISTERE DE L'ENVIRONNEMENT DU QUEBEC
30290,02OE067,MINISTERE DE L'ENVIRONNEMENT DU QUEBEC
30291,02OF029,MINISTERE DE L'ENVIRONNEMENT DU QUEBEC
30296,02OE072,MINISTERE DE L'ENVIRONNEMENT DU QUEBEC
30297,02OE073,MINISTERE DE L'ENVIRONNEMENT DU QUEBEC
30298,02OE074,MINISTERE DE L'ENVIRONNEMENT DU QUEBEC
30299,02OF030,MINISTERE DE L'ENVIRONNEMENT DU QUEBEC
30301,02OG001,MINISTERE DE L'ENVIRONNEMENT DU QUEBEC
30302,02OG002,MINISTERE DE L'ENVIRONNEMENT DU QUEBEC
30303,02OG003,#N/A
30304,02OG019,MINISTERE DE L'ENVIRONNEMENT DU QUEBEC
30305,02OG020,MINISTERE DE L'ENVIRONNEMENT DU QUEBEC
30306,02OG005,MINISTERE DE L'ENVIRONNEMENT DU QUEBEC
30307,02OG021,MINISTERE DE L'ENVIRONNEMENT DU QUEBEC
30308,02OG008,#N/A
30309,02OG007,MINISTERE DE L'ENVIRONNEMENT DU QUEBEC
30310,02OG022,MINISTERE DE L'ENVIRONNEMENT DU QUEBEC
30311,02OG023,#N/A
30312,02OG024,MINISTERE DE L'ENVIRONNEMENT DU QUEBEC
30313,02OG013,#N/A
30314,02OG014,MINISTERE DE L'ENVIRONNEMENT DU QUEBEC
30315,02OG018,MINISTERE DE L'ENVIRONNEMENT DU QUEBEC
30316,02OG026,MINISTERE DE L'ENVIRONNEMENT DU QUEBEC
30317,02OG025,#N/A
30318,02OG017,MINISTERE DE L'ENVIRONNEMENT DU QUEBEC
30319,02OG027,#N/A
30320,02OG028,#N/A
30322,02OG016,MINISTERE DE L'ENVIRONNEMENT DU QUEBEC
30323,02OG030,MINISTERE DE L'ENVIRONNEMENT DU QUEBEC
30324,02OG031,MINISTERE DE L'ENVIRONNEMENT DU QUEBEC
30325,02OG032,MINISTERE DE L'ENVIRONNEMENT DU QUEBEC
30326,02OG009,MINISTERE DE L'ENVIRONNEMENT DU QUEBEC
30327,02OG035,MINISTERE DE L'ENVIRONNEMENT DU QUEBEC
30328,02OG036,MINISTERE DE L'ENVIRONNEMENT DU QUEBEC
30329,02OG037,MINISTERE DE L'ENVIRONNEMENT DU QUEBEC
30330,02OG033,MINISTERE DE L'ENVIRONNEMENT DU QUEBEC
30331,02OG015,#N/A
30332,02OG038,MINISTERE DE L'ENVIRONNEMENT DU QUEBEC
30333,02OG034,MINISTERE DE L'ENVIRONNEMENT DU QUEBEC
30334,02OG010,MINISTERE DE L'ENVIRONNEMENT DU QUEBEC
30335,02OG011,MINISTERE DE L'ENVIRONNEMENT DU QUEBEC
30336,02OG012,MINISTERE DE L'ENVIRONNEMENT DU QUEBEC
30337,02OG039,MINISTERE DE L'ENVIRONNEMENT DU QUEBEC
30338,02OG040,MINISTERE DE L'ENVIRONNEMENT DU QUEBEC
30339,02OG041,MINISTERE DE L'ENVIRONNEMENT DU QUEBEC
30340,02OG042,MINISTERE DE L'ENVIRONNEMENT DU QUEBEC
30341,02OG043,MINISTERE DE L'ENVIRONNEMENT DU QUEBEC
30342,02OG044,#N/A
30343,02OG045,MINISTERE DE L'ENVIRONNEMENT DU QUEBEC
30344,02OG046,MINISTERE DE L'ENVIRONNEMENT DU QUEBEC
30345,02OG047,MINISTERE DE L'ENVIRONNEMENT DU QUEBEC
30346,02OG048,MINISTERE DE L'ENVIRONNEMENT DU QUEBEC
30348,02OG049,MINISTERE DE L'ENVIRONNEMENT DU QUEBEC
30350,02OG050,MINISTERE DE L'ENVIRONNEMENT DU QUEBEC
30351,02OG051,MINISTERE DE L'ENVIRONNEMENT DU QUEBEC
30353,02OG052,MINISTERE DE L'ENVIRONNEMENT DU QUEBEC
30401,02OJ007,WATER SURVEY OF CANADA (DOE) (CANADA)
30402,02OJ001,WATER SURVEY OF CANADA (DOE) (CANADA)
30403,02OJ003,TRANSPORT CANADA
30404,02OH004,MINISTERE DE L'ENVIRONNEMENT DU QUEBEC
30405,02OH005,#N/A
30406,02OH009,MINISTERE DE L'ENVIRONNEMENT DU QUEBEC
30407,02OH010,#N/A
30408,02OJ023,MINISTERE DE L'ENVIRONNEMENT DU QUEBEC
30409,02OH001,#N/A
30410,02OJ006,#N/A
30411,02OJ012,#N/A
30412,02OJ013,#N/A
30413,02OH002,#N/A
30414,02OH003,#N/A
30415,02OJ024,MINISTERE DE L'ENVIRONNEMENT DU QUEBEC
30416,02OH006,MINISTERE DE L'ENVIRONNEMENT DU QUEBEC
30417,02OH007,MINISTERE DE L'ENVIRONNEMENT DU QUEBEC
30418,02OJ025,#N/A
30419,02OJ016,#N/A
30420,02OH008,MINISTERE DE L'ENVIRONNEMENT DU QUEBEC
30421,02OJ026,MINISTERE DE L'ENVIRONNEMENT DU QUEBEC
30423,02OH012,MINISTERE DE L'ENVIRONNEMENT DU QUEBEC
30424,02OH013,MINISTERE DE L'ENVIRONNEMENT DU QUEBEC
30425,02OH014,MINISTERE DE L'ENVIRONNEMENT DU QUEBEC
30426,02OH015,MINISTERE DE L'ENVIRONNEMENT DU QUEBEC
30429,02OJ035,MINISTERE DE L'ENVIRONNEMENT DU QUEBEC
30430,02OJ036,MINISTERE DE L'ENVIRONNEMENT DU QUEBEC
30901,02OA001,MINISTERE DE L'ENVIRONNEMENT DU QUEBEC
30902,02OA012,#N/A
30903,02OA059,MINISTERE DE L'ENVIRONNEMENT DU QUEBEC
30904,02OA034,MINISTERE DE L'ENVIRONNEMENT DU QUEBEC
30905,02OA054,MINISTERE DE L'ENVIRONNEMENT DU QUEBEC
30906,02OA056,MINISTERE DE L'ENVIRONNEMENT DU QUEBEC
30907,02OA057,MINISTERE DE L'ENVIRONNEMENT DU QUEBEC
30908,02OA062,MINISTERE DE L'ENVIRONNEMENT DU QUEBEC
30909,02OA085,MINISTERE DE L'ENVIRONNEMENT DU QUEBEC
30910,02OA061,MINISTERE DE L'ENVIRONNEMENT DU QUEBEC
30911,02OA053,#N/A
30912,02OA052,#N/A
30913,02OA051,#N/A
30914,02OA063,#N/A
30915,02OA055,MINISTERE DE L'ENVIRONNEMENT DU QUEBEC
30916,02OA058,#N/A
30917,02OA060,MINISTERE DE L'ENVIRONNEMENT DU QUEBEC
30918,02OA087,MINISTERE DE L'ENVIRONNEMENT DU QUEBEC
30919,02OA108,MINISTERE DE L'ENVIRONNEMENT DU QUEBEC
30920,02OA110,MINISTERE DE L'ENVIRONNEMENT DU QUEBEC
30921,02OA111,MINISTERE DE L'ENVIRONNEMENT DU QUEBEC
30923,02OA112,MINISTERE DE L'ENVIRONNEMENT DU QUEBEC
30924,02OA113,MINISTERE DE L'ENVIRONNEMENT DU QUEBEC
30925,02OA114,MINISTERE DE L'ENVIRONNEMENT DU QUEBEC
31101,02MC007,MINISTERE DE L'ENVIRONNEMENT DU QUEBEC
31102,02MC030,MINISTERE DE L'ENVIRONNEMENT DU QUEBEC
31401,02OE018,WATER SURVEY OF CANADA (DOE) (CANADA)
31501,02OD020,MINISTERE DE L'ENVIRONNEMENT DU QUEBEC
40101,02LC011,MINISTERE DE L'ENVIRONNEMENT DU QUEBEC
40102,02LC014,MINISTERE DE L'ENVIRONNEMENT DU QUEBEC
40103,02LC010,MINISTERE DE L'ENVIRONNEMENT DU QUEBEC
40104,02LC015,MINISTERE DE L'ENVIRONNEMENT DU QUEBEC
40105,02LC012,MINISTERE DE L'ENVIRONNEMENT DU QUEBEC
40106,02LC013,MINISTERE DE L'ENVIRONNEMENT DU QUEBEC
40107,02LC016,MINISTERE DE L'ENVIRONNEMENT DU QUEBEC
40108,02LC009,MINISTERE DE L'ENVIRONNEMENT DU QUEBEC
40109,02LC017,MINISTERE DE L'ENVIRONNEMENT DU QUEBEC
40110,02LC008,MINISTERE DE L'ENVIRONNEMENT DU QUEBEC
40111,02LC005,MINISTERE DE L'ENVIRONNEMENT DU QUEBEC
40112,02LC006,MINISTERE DE L'ENVIRONNEMENT DU QUEBEC
40113,02LC068,MINISTERE DE L'ENVIRONNEMENT DU QUEBEC
40114,02LC001,MINISTERE DE L'ENVIRONNEMENT DU QUEBEC
40115,02LC003,MINISTERE DE L'ENVIRONNEMENT DU QUEBEC
40116,02LC023,MINISTERE DE L'ENVIRONNEMENT DU QUEBEC
40117,02LC036,#N/A
40118,02LC022,MINISTERE DE L'ENVIRONNEMENT DU QUEBEC
40119,02LC037,#N/A
40120,02LC038,MINISTERE DE L'ENVIRONNEMENT DU QUEBEC
40121,02LC039,MINISTERE DE L'ENVIRONNEMENT DU QUEBEC
40122,02LC021,MINISTERE DE L'ENVIRONNEMENT DU QUEBEC
40123,02LC024,MINISTERE DE L'ENVIRONNEMENT DU QUEBEC
40124,02LC040,MINISTERE DE L'ENVIRONNEMENT DU QUEBEC
40125,02LC041,#N/A
40126,02LC042,#N/A
40127,02LC025,MINISTERE DE L'ENVIRONNEMENT DU QUEBEC
40128,02LC026,MINISTERE DE L'ENVIRONNEMENT DU QUEBEC
40129,02LC027,MINISTERE DE L'ENVIRONNEMENT DU QUEBEC
40130,02LC069,MINISTERE DE L'ENVIRONNEMENT DU QUEBEC
40131,02LC019,#N/A
40132,02LC070,MINISTERE DE L'ENVIRONNEMENT DU QUEBEC
40133,02LC071,#N/A
40201,02LC007,MINISTERE DE L'ENVIRONNEMENT DU QUEBEC
40202,02LC002,MINISTERE DE L'ENVIRONNEMENT DU QUEBEC
40203,02LC004,MINISTERE DE L'ENVIRONNEMENT DU QUEBEC
40204,02LC029,MINISTERE DE L'ENVIRONNEMENT DU QUEBEC
40205,02LC030,#N/A
40206,02LC028,MINISTERE DE L'ENVIRONNEMENT DU QUEBEC
40207,02LC032,MINISTERE DE L'ENVIRONNEMENT DU QUEBEC
40208,02LC031,#N/A
40209,02LC034,MINISTERE DE L'ENVIRONNEMENT DU QUEBEC
40210,02LC033,MINISTERE DE L'ENVIRONNEMENT DU QUEBEC
40211,02LC035,MINISTERE DE L'ENVIRONNEMENT DU QUEBEC
40212,02LC043,MINISTERE DE L'ENVIRONNEMENT DU QUEBEC
40213,02LC044,#N/A
40214,02LC045,#N/A
40215,02LC046,#N/A
40216,02LC047,#N/A
40217,02LC048,#N/A
40218,02LC049,#N/A
40219,02LC050,#N/A
40220,02LC051,#N/A
40221,02LC052,#N/A
40222,02LC053,#N/A
40223,02LC054,#N/A
40224,02LC055,#N/A
40225,02LC056,#N/A
40226,02LC057,#N/A
40227,02LC058,#N/A
40228,02LC059,#N/A
40229,02LC060,#N/A
40230,02LC061,#N/A
40231,02LC062,MINISTERE DE L'ENVIRONNEMENT DU QUEBEC
40232,02LC063,#N/A
40233,02LC072,#N/A
40234,02LC064,MINISTERE DE L'ENVIRONNEMENT DU QUEBEC
40235,02LC065,#N/A
40236,02LC066,MINISTERE DE L'ENVIRONNEMENT DU QUEBEC
40237,02LC067,MINISTERE DE L'ENVIRONNEMENT DU QUEBEC
40238,02LC073,MINISTERE DE L'ENVIRONNEMENT DU QUEBEC
40239,02LD012,MINISTERE DE L'ENVIRONNEMENT DU QUEBEC
40401,02LD002,MINISTERE DE L'ENVIRONNEMENT DU QUEBEC
40402,02LD001,MINISTERE DE L'ENVIRONNEMENT DU QUEBEC
40403,02LD010,#N/A
40404,02LD009,#N/A
40405,02LD004,MINISTERE DE L'ENVIRONNEMENT DU QUEBEC
40406,02LD005,MINISTERE DE L'ENVIRONNEMENT DU QUEBEC
40407,02LD008,MINISTERE DE L'ENVIRONNEMENT DU QUEBEC
40408,02LD007,MINISTERE DE L'ENVIRONNEMENT DU QUEBEC
40409,02LD006,MINISTERE DE L'ENVIRONNEMENT DU QUEBEC
40410,02LD011,MINISTERE DE L'ENVIRONNEMENT DU QUEBEC
40601,02LE001,MINISTERE DE L'ENVIRONNEMENT DU QUEBEC
40602,02LF002,MINISTERE DE L'ENVIRONNEMENT DU QUEBEC
40603,02LE011,MINISTERE DE L'ENVIRONNEMENT DU QUEBEC
40604,02LE008,MINISTERE DE L'ENVIRONNEMENT DU QUEBEC
40605,02LE019,MINISTERE DE L'ENVIRONNEMENT DU QUEBEC
40606,02LF004,MINISTERE DE L'ENVIRONNEMENT DU QUEBEC
40607,02LE006,MINISTERE DE L'ENVIRONNEMENT DU QUEBEC
40608,02LE017,MINISTERE DE L'ENVIRONNEMENT DU QUEBEC
40609,02LE014,MINISTERE DE L'ENVIRONNEMENT DU QUEBEC
40610,02LE016,MINISTERE DE L'ENVIRONNEMENT DU QUEBEC
40611,02LE020,MINISTERE DE L'ENVIRONNEMENT DU QUEBEC
40612,02LE021,MINISTERE DE L'ENVIRONNEMENT DU QUEBEC
40613,02LE022,MINISTERE DE L'ENVIRONNEMENT DU QUEBEC
40614,02LE023,MINISTERE DE L'ENVIRONNEMENT DU QUEBEC
40615,02LE003,MINISTERE DE L'ENVIRONNEMENT DU QUEBEC
40616,02LE012,#N/A
40617,02LF003,MACLAREN-QUEBEC POWER COMPANY
40618,02LF001,MINISTERE DE L'ENVIRONNEMENT DU QUEBEC
40619,02LE013,MINISTERE DE L'ENVIRONNEMENT DU QUEBEC
40620,02LE015,MINISTERE DE L'ENVIRONNEMENT DU QUEBEC
40621,02LF005,#N/A
40622,02LF006,#N/A
40623,02LE018,MINISTERE DE L'ENVIRONNEMENT DU QUEBEC
40624,02LE024,MINISTERE DE L'ENVIRONNEMENT DU QUEBEC
40626,02LF016,MACLAREN-QUEBEC POWER COMPANY
40627,02LE025,MINISTERE DE L'ENVIRONNEMENT DU QUEBEC
40629,02LE026,MINISTERE DE L'ENVIRONNEMENT DU QUEBEC
40701,02LF014,#N/A
40702,02LF013,#N/A
40703,02LF008,#N/A
40704,02LF011,#N/A
40705,02LF010,#N/A
40706,02LF009,#N/A
40707,02LF012,#N/A
40708,02LF017,#N/A
40801,02LG006,MINISTERE DE L'ENVIRONNEMENT DU QUEBEC
40802,02LG002,QUEBEC HYDRO-ELECTRIC COMMISSION
40803,02LH009,QUEBEC HYDRO-ELECTRIC COMMISSION
40804,02LH008,MINISTERE DE L'ENVIRONNEMENT DU QUEBEC
40805,02LH001,MINISTERE DE L'ENVIRONNEMENT DU QUEBEC
40806,02LH007,MINISTERE DE L'ENVIRONNEMENT DU QUEBEC
40807,02LG007,QUEBEC HYDRO-ELECTRIC COMMISSION
40808,02LG003,QUEBEC HYDRO-ELECTRIC COMMISSION
40809,02LH003,MINISTERE DE L'ENVIRONNEMENT DU QUEBEC
40810,02LH002,MINISTERE DE L'ENVIRONNEMENT DU QUEBEC
40811,02LG001,#N/A
40812,02LG004,#N/A
40813,02LH006,MINISTERE DE L'ENVIRONNEMENT DU QUEBEC
40814,02LH004,MINISTERE DE L'ENVIRONNEMENT DU QUEBEC
40815,02LH019,MINISTERE DE L'ENVIRONNEMENT DU QUEBEC
40816,02LH020,#N/A
40817,02LH021,#N/A
40818,02LH018,#N/A
40819,02LH022,#N/A
40820,02LH023,#N/A
40821,02LH024,#N/A
40822,02LH025,#N/A
40823,02LH026,#N/A
40824,02LH017,#N/A
40825,02LH016,#N/A
40826,02LH015,#N/A
40828,02LH028,#N/A
40829,02LH029,MINISTERE DE L'ENVIRONNEMENT DU QUEBEC
40830,02LG005,MINISTERE DE L'ENVIRONNEMENT DU QUEBEC
40832,02LH030,QUEBEC HYDRO-ELECTRIC COMMISSION
40834,02LH031,#N/A
40840,02LH032,MINISTERE DE L'ENVIRONNEMENT DU QUEBEC
40841,02LH033,MINISTERE DE L'ENVIRONNEMENT DU QUEBEC
41301,02KG001,MINISTERE DE L'ENVIRONNEMENT DU QUEBEC
41302,02KG003,MINISTERE DE L'ENVIRONNEMENT DU QUEBEC
41303,02KG004,#N/A
41401,02KH002,PEMBROKE ELECTRIC LIGHT COMPANY
41402,02KH004,MINISTERE DE L'ENVIRONNEMENT DU QUEBEC
41403,02KH003,MINISTERE DE L'ENVIRONNEMENT DU QUEBEC
41404,02KH001,MINISTERE DE L'ENVIRONNEMENT DU QUEBEC
41901,02KA011,MINISTERE DE L'ENVIRONNEMENT DU QUEBEC
41902,02KJ004,MINISTERE DE L'ENVIRONNEMENT DU QUEBEC
41903,02KJ003,MINISTERE DE L'ENVIRONNEMENT DU QUEBEC
42101,02KA012,MINISTERE DE L'ENVIRONNEMENT DU QUEBEC
42102,02KA014,MINISTERE DE L'ENVIRONNEMENT DU QUEBEC
42103,02KA013,MINISTERE DE L'ENVIRONNEMENT DU QUEBEC
42602,02JE015,MINISTERE DE L'ENVIRONNEMENT DU QUEBEC
42604,02JE022,MINISTERE DE L'ENVIRONNEMENT DU QUEBEC
42605,02JE001,MINISTERE DE L'ENVIRONNEMENT DU QUEBEC
42606,02JE023,MINISTERE DE L'ENVIRONNEMENT DU QUEBEC
42607,02KJ007,MINISTERE DE L'ENVIRONNEMENT DU QUEBEC
42608,02JE005,MINISTERE DE L'ENVIRONNEMENT DU QUEBEC
42609,02JE017,MINISTERE DE L'ENVIRONNEMENT DU QUEBEC
42610,02JE029,MINISTERE DE L'ENVIRONNEMENT DU QUEBEC
42611,02JE030,MINISTERE DE L'ENVIRONNEMENT DU QUEBEC
43001,02JA001,MINISTERE DE L'ENVIRONNEMENT DU QUEBEC
43002,02JB001,MINISTERE DE L'ENVIRONNEMENT DU QUEBEC
43003,02JB009,MINISTERE DE L'ENVIRONNEMENT DU QUEBEC
43004,02JB011,MINISTERE DE L'ENVIRONNEMENT DU QUEBEC
43005,02JB012,MINISTERE DE L'ENVIRONNEMENT DU QUEBEC
43006,02JB005,QUEBEC HYDRO-ELECTRIC COMMISSION
43007,02JB006,QUEBEC HYDRO-ELECTRIC COMMISSION
43008,02JB004,MINISTERE DE L'ENVIRONNEMENT DU QUEBEC
43009,02JB003,MINISTERE DE L'ENVIRONNEMENT DU QUEBEC
43010,02JB002,MINISTERE DE L'ENVIRONNEMENT DU QUEBEC
43011,02JA004,#N/A
43012,02JB013,MINISTERE DE L'ENVIRONNEMENT DU QUEBEC
43013,02JA003,QUEBEC HYDRO-ELECTRIC COMMISSION
43014,02JB008,QUEBEC HYDRO-ELECTRIC COMMISSION
43015,02JB010,QUEBEC HYDRO-ELECTRIC COMMISSION
43016,02JA005,QUEBEC HYDRO-ELECTRIC COMMISSION
43017,02JB014,#N/A
43018,02JB015,#N/A
43019,02JB016,#N/A
43020,02JB021,QUEBEC HYDRO-ELECTRIC COMMISSION
43021,02JB020,#N/A
43022,02JB018,#N/A
43023,02JB019,#N/A
43026,02JB022,QUEBEC HYDRO-ELECTRIC COMMISSION
43027,02JB023,QUEBEC HYDRO-ELECTRIC COMMISSION
43029,04MA008,#N/A
43030,02JA006,MINISTERE DE L'ENVIRONNEMENT DU QUEBEC
43031,02JB017,MINISTERE DE L'ENVIRONNEMENT DU QUEBEC
43101,02LB001,#N/A
43102,02KF005,WATER SURVEY OF CANADA (DOE) (CANADA)
43103,02JE012,ONTARIO MINISTRY OF THE ENVIRONMENT
43104,02KC012,#N/A
43105,02LB010,#N/A
43106,02LA003,#N/A
43107,02KF004,QUEBEC HYDRO-ELECTRIC COMMISSION
43108,02OA105,MINISTERE DE L'ENVIRONNEMENT DU QUEBEC
43109,02KC013,#N/A
43110,02JE013,#N/A
43111,02JE011,#N/A
43112,02KC005,#N/A
43113,02KG002,#N/A
43114,02KC011,MINISTERE DE L'ENVIRONNEMENT DU QUEBEC
43115,02OA014,#N/A
43116,02OA013,#N/A
43118,02LB024,QUEBEC HYDRO-ELECTRIC COMMISSION
43119,02KJ011,#N/A
43120,02LB025,#N/A
43121,02LB026,#N/A
43122,02KF009,ONTARIO MINISTRY OF THE ENVIRONMENT
43123,02OA084,#N/A
43124,02OA021,#N/A
43125,02KA002,ONTARIO MINISTRY OF THE ENVIRONMENT
43126,02OA033,WATER SURVEY OF CANADA (DOE) (CANADA)
43140,02KJ019,#N/A
43141,02KJ020,#N/A
43143,02KJ021,#N/A
43145,02OA098,#N/A
43201,02OA003,WATER SURVEY OF CANADA (DOE) (CANADA)
43202,02OA035,MINISTERE DE L'ENVIRONNEMENT DU QUEBEC
43203,02OA015,#N/A
43204,02OA067,#N/A
43205,02OA094,MINISTERE DE L'ENVIRONNEMENT DU QUEBEC
43206,02OA095,MINISTERE DE L'ENVIRONNEMENT DU QUEBEC
43207,02OA066,#N/A
43208,02OA088,MINISTERE DE L'ENVIRONNEMENT DU QUEBEC
43209,02OA089,#N/A
43210,02OA099,#N/A
43211,02OA100,#N/A
43212,02OA102,MINISTERE DE L'ENVIRONNEMENT DU QUEBEC
43301,02OA004,MINISTERE DE L'ENVIRONNEMENT DU QUEBEC
43302,02OA068,#N/A
43303,02OA086,#N/A
43304,02OA070,#N/A
43305,02OA036,#N/A
43306,02OA002,#N/A
43307,02OA071,#N/A
43308,02OA037,#N/A
43309,02OA072,QUEBEC HYDRO-ELECTRIC COMMISSION
43310,02OA008,#N/A
43311,02OA073,#N/A
43313,02OA074,#N/A
43314,02OA077,#N/A
43315,02OA006,#N/A
43317,02OA075,MINISTERE DE L'ENVIRONNEMENT DU QUEBEC
43318,02OA038,MINISTERE DE L'ENVIRONNEMENT DU QUEBEC
43319,02OA076,MINISTERE DE L'ENVIRONNEMENT DU QUEBEC
43321,02OA020,#N/A
43322,02OA019,#N/A
43323,02OA018,#N/A
43324,02OA069,MINISTERE DE L'ENVIRONNEMENT DU QUEBEC
43401,02OA090,MINISTERE DE L'ENVIRONNEMENT DU QUEBEC
46301,02OA091,MINISTERE DE L'ENVIRONNEMENT DU QUEBEC
46401,02OA082,MINISTERE DE L'ENVIRONNEMENT DU QUEBEC
46402,02OA083,MINISTERE DE L'ENVIRONNEMENT DU QUEBEC
46403,02OA030,WATER SURVEY OF CANADA (DOE) (CANADA)
46501,02OA032,WATER SURVEY OF CANADA (DOE) (CANADA)
46601,02OA031,WATER SURVEY OF CANADA (DOE) (CANADA)
46701,02OA080,MINISTERE DE L'ENVIRONNEMENT DU QUEBEC
46702,02OA081,MINISTERE DE L'ENVIRONNEMENT DU QUEBEC
46703,02OA079,MINISTERE DE L'ENVIRONNEMENT DU QUEBEC
46704,02OA078,MINISTERE DE L'ENVIRONNEMENT DU QUEBEC
46705,02OA026,#N/A
46706,02OA028,WATER SURVEY OF CANADA (DOE) (CANADA)
46707,02OA025,WATER SURVEY OF CANADA (DOE) (CANADA)
46708,02OA092,MINISTERE DE L'ENVIRONNEMENT DU QUEBEC
46709,02OA109,MINISTERE DE L'ENVIRONNEMENT DU QUEBEC
48602,02JE016,MINISTERE DE L'ENVIRONNEMENT DU QUEBEC
48603,02JE031,MINISTERE DE L'ENVIRONNEMENT DU QUEBEC
50101,02NA003,QUEBEC HYDRO-ELECTRIC COMMISSION
50102,02NB001,QUEBEC HYDRO-ELECTRIC COMMISSION
50103,02NB006,QUEBEC HYDRO-ELECTRIC COMMISSION
50104,02NB003,QUEBEC HYDRO-ELECTRIC COMMISSION
50105,02NB005,QUEBEC HYDRO-ELECTRIC COMMISSION
50106,02NB004,QUEBEC HYDRO-ELECTRIC COMMISSION
50107,02NE009,QUEBEC HYDRO-ELECTRIC COMMISSION
50108,02NF002,QUEBEC HYDRO-ELECTRIC COMMISSION
50109,02NG004,MINISTERE DE L'ENVIRONNEMENT DU QUEBEC
50110,02NF001,MINISTERE DE L'ENVIRONNEMENT DU QUEBEC
50111,02NC001,MINISTERE DE L'ENVIRONNEMENT DU QUEBEC
50112,02NC002,QUEBEC HYDRO-ELECTRIC COMMISSION
50113,02NC003,QUEBEC HYDRO-ELECTRIC COMMISSION
50114,02NE002,QUEBEC HYDRO-ELECTRIC COMMISSION
50115,02NG001,QUEBEC HYDRO-ELECTRIC COMMISSION
50116,02ND001,MINISTERE DE L'ENVIRONNEMENT DU QUEBEC
50117,02NE007,MINISTERE DE L'ENVIRONNEMENT DU QUEBEC
50118,02NG002,MINISTERE DE L'ENVIRONNEMENT DU QUEBEC
50119,02NF003,MINISTERE DE L'ENVIRONNEMENT DU QUEBEC
50120,02NF005,QUEBEC HYDRO-ELECTRIC COMMISSION
50121,02NB002,QUEBEC HYDRO-ELECTRIC COMMISSION
50122,02NA001,QUEBEC HYDRO-ELECTRIC COMMISSION
50123,02NG011,#N/A
50124,02NG013,#N/A
50125,02ND002,MINISTERE DE L'ENVIRONNEMENT DU QUEBEC
50126,02NG012,MINISTERE DE L'ENVIRONNEMENT DU QUEBEC
50127,02NE003,MINISTERE DE L'ENVIRONNEMENT DU QUEBEC
50128,02NC005,#N/A
50129,02NE005,#N/A
50130,02NE006,#N/A
50131,02NG006,QUEBEC HYDRO-ELECTRIC COMMISSION
50132,02NE004,#N/A
50133,02NG005,QUEBEC HYDRO-ELECTRIC COMMISSION
50134,02NC004,#N/A
50135,02NE011,MINISTERE DE L'ENVIRONNEMENT DU QUEBEC
50136,02NG014,MINISTERE DE L'ENVIRONNEMENT DU QUEBEC
50137,02NG015,#N/A
50138,02NG016,#N/A
50139,02NG017,MINISTERE DE L'ENVIRONNEMENT DU QUEBEC
50140,02NG018,#N/A
50141,02NE001,MINISTERE DE L'ENVIRONNEMENT DU QUEBEC
50142,02NG009,MINISTERE DE L'ENVIRONNEMENT DU QUEBEC
50143,02NF004,MINISTERE DE L'ENVIRONNEMENT DU QUEBEC
50144,02ND003,MINISTERE DE L'ENVIRONNEMENT DU QUEBEC
50147,02NG019,MINISTERE DE L'ENVIRONNEMENT DU QUEBEC
50301,02PA003,QUEBEC HYDRO-ELECTRIC COMMISSION
50302,02PA001,MINISTERE DE L'ENVIRONNEMENT DU QUEBEC
50303,02PA008,#N/A
50304,02PA007,MINISTERE DE L'ENVIRONNEMENT DU QUEBEC
50305,02PA006,MINISTERE DE L'ENVIRONNEMENT DU QUEBEC
50306,02PA002,MINISTERE DE L'ENVIRONNEMENT DU QUEBEC
50307,02PA009,MINISTERE DE L'ENVIRONNEMENT DU QUEBEC
50401,02PB002,QUEBEC HYDRO-ELECTRIC COMMISSION
50402,02PB005,MINISTERE DE L'ENVIRONNEMENT DU QUEBEC
50403,02PB004,MINISTERE DE L'ENVIRONNEMENT DU QUEBEC
50404,02PB008,MINISTERE DE L'ENVIRONNEMENT DU QUEBEC
50405,02PB020,MINISTERE DE L'ENVIRONNEMENT DU QUEBEC
50406,02PB003,MINISTERE DE L'ENVIRONNEMENT DU QUEBEC
50407,02PB001,MINISTERE DE L'ENVIRONNEMENT DU QUEBEC
50408,02PB019,MINISTERE DE L'ENVIRONNEMENT DU QUEBEC
50409,02PB006,MINISTERE DE L'ENVIRONNEMENT DU QUEBEC
50410,02PB017,#N/A
50411,02PB018,#N/A
50412,02PB021,#N/A
50413,02PB022,#N/A
50414,02PB009,#N/A
50415,02PB010,#N/A
50416,02PB011,#N/A
50417,02PB012,#N/A
50418,02PB013,#N/A
50419,02PB014,#N/A
50420,02PB023,#N/A
50421,02PB015,#N/A
50422,02PB016,#N/A
50423,02PB007,MINISTERE DE L'ENVIRONNEMENT DU QUEBEC
50424,02PB033,MINISTERE DE L'ENVIRONNEMENT DU QUEBEC
50425,02PB024,MINISTERE DE L'ENVIRONNEMENT DU QUEBEC
50426,02PB025,MINISTERE DE L'ENVIRONNEMENT DU QUEBEC
50427,02PB026,MINISTERE DE L'ENVIRONNEMENT DU QUEBEC
50428,02PB038,#N/A
50429,02PB034,MINISTERE DE L'ENVIRONNEMENT DU QUEBEC
50430,02PB035,#N/A
50431,02PB027,#N/A
50432,02PB028,#N/A
50433,02PB029,#N/A
50434,02PB030,#N/A
50435,02PB031,#N/A
50436,02PB032,#N/A
50437,02PB036,MINISTERE DE L'ENVIRONNEMENT DU QUEBEC
50438,02PB037,MINISTERE DE L'ENVIRONNEMENT DU QUEBEC
50501,02PC020,MINISTERE DE L'ENVIRONNEMENT DU QUEBEC
50701,02PC009,MINISTERE DE L'ENVIRONNEMENT DU QUEBEC
50702,02PC017,MINISTERE DE L'ENVIRONNEMENT DU QUEBEC
50801,02PC002,MINISTERE DE L'ENVIRONNEMENT DU QUEBEC
50802,02PC004,DOMTAR PULP AND PAPER COMPANY
50803,02PC001,#N/A
50804,02PC008,#N/A
50805,02PC011,MINISTERE DE L'ENVIRONNEMENT DU QUEBEC
50806,02PC012,MINISTERE DE L'ENVIRONNEMENT DU QUEBEC
50807,02PC010,MINISTERE DE L'ENVIRONNEMENT DU QUEBEC
50808,02PC013,MINISTERE DE L'ENVIRONNEMENT DU QUEBEC
50809,02PC014,MINISTERE DE L'ENVIRONNEMENT DU QUEBEC
50810,02PC015,MINISTERE DE L'ENVIRONNEMENT DU QUEBEC
50811,02PC016,MINISTERE DE L'ENVIRONNEMENT DU QUEBEC
50812,02PC019,MINISTERE DE L'ENVIRONNEMENT DU QUEBEC
50813,02PC018,MINISTERE DE L'ENVIRONNEMENT DU QUEBEC
50901,02PD009,MINISTERE DE L'ENVIRONNEMENT DU QUEBEC
50902,02PD007,#N/A
50903,02PD008,VILLE DE QUEBEC
50904,02PD010,MINISTERE DE L'ENVIRONNEMENT DU QUEBEC
50905,02PD011,MINISTERE DE L'ENVIRONNEMENT DU QUEBEC
50912,02PD019,#N/A
50914,02PD022,MINISTERE DE L'ENVIRONNEMENT DU QUEBEC
50915,02PD023,MINISTERE DE L'ENVIRONNEMENT DU QUEBEC
50916,02PD024,MINISTERE DE L'ENVIRONNEMENT DU QUEBEC
51001,02PD002,MINISTERE DE L'ENVIRONNEMENT DU QUEBEC
51002,02PD012,MINISTERE DE L'ENVIRONNEMENT DU QUEBEC
51003,02PD013,MINISTERE DE L'ENVIRONNEMENT DU QUEBEC
51004,02PD014,MINISTERE DE L'ENVIRONNEMENT DU QUEBEC
51005,02PD004,MINISTERE DE L'ENVIRONNEMENT DU QUEBEC
51006,02PD006,MINISTERE DE L'ENVIRONNEMENT DU QUEBEC
51007,02PD015,MINISTERE DE L'ENVIRONNEMENT DU QUEBEC
51008,02PD005,MINISTERE DE L'ENVIRONNEMENT DU QUEBEC
51009,02PD001,MINISTERE DE L'ENVIRONNEMENT DU QUEBEC
51010,02PD017,#N/A
51011,02PD018,WATER SURVEY OF CANADA (DOE) (CANADA)
51012,02PD020,MINISTERE DE L'ENVIRONNEMENT DU QUEBEC
51101,02PE002,MINISTERE DE L'ENVIRONNEMENT DU QUEBEC
51201,02PE001,QUEBEC HYDRO-ELECTRIC COMMISSION
51202,02PE004,QUEBEC HYDRO-ELECTRIC COMMISSION
51203,02PE013,#N/A
51204,02PE003,MINISTERE DE L'ENVIRONNEMENT DU QUEBEC
51301,02PE009,MINISTERE DE L'ENVIRONNEMENT DU QUEBEC
51302,02PE010,#N/A
51303,02PE011,#N/A
51304,02PE012,#N/A
51370,02PE008,#N/A
51501,02PF003,MINISTERE DE L'ENVIRONNEMENT DU QUEBEC
51502,02PF001,MINISTERE DE L'ENVIRONNEMENT DU QUEBEC
51901,02PF002,#N/A
52201,02OB001,MINISTERE DE L'ENVIRONNEMENT DU QUEBEC
52202,02OB002,MINISTERE DE L'ENVIRONNEMENT DU QUEBEC
52203,02OB003,MINISTERE DE L'ENVIRONNEMENT DU QUEBEC
52204,02OB004,MINISTERE DE L'ENVIRONNEMENT DU QUEBEC
52205,02OB006,MINISTERE DE L'ENVIRONNEMENT DU QUEBEC
52206,02OB016,QUEBEC HYDRO-ELECTRIC COMMISSION
52207,02OB015,#N/A
52208,02OB012,#N/A
52209,02OB013,#N/A
52210,02OB014,#N/A
52211,02OB007,MINISTERE DE L'ENVIRONNEMENT DU QUEBEC
52212,02OB017,MINISTERE DE L'ENVIRONNEMENT DU QUEBEC
52213,02OB018,MINISTERE DE L'ENVIRONNEMENT DU QUEBEC
52214,02OB019,MINISTERE DE L'ENVIRONNEMENT DU QUEBEC
52215,02OB020,MINISTERE DE L'ENVIRONNEMENT DU QUEBEC
52216,02OB021,#N/A
52217,02OB022,#N/A
52218,02OB023,#N/A
52219,02OB008,MINISTERE DE L'ENVIRONNEMENT DU QUEBEC
52220,02OB024,#N/A
52221,02OB025,#N/A
52222,02OB026,#N/A
52223,02OB027,#N/A
52224,02OB028,MINISTERE DE L'ENVIRONNEMENT DU QUEBEC
52225,02OB029,#N/A
52226,02OB030,#N/A
52227,02OB031,#N/A
52228,02OB032,MINISTERE DE L'ENVIRONNEMENT DU QUEBEC
52229,02OB033,MINISTERE DE L'ENVIRONNEMENT DU QUEBEC
52230,02OB034,MINISTERE DE L'ENVIRONNEMENT DU QUEBEC
52231,02OB035,MINISTERE DE L'ENVIRONNEMENT DU QUEBEC
52232,02OB036,MINISTERE DE L'ENVIRONNEMENT DU QUEBEC
52233,02OB037,MINISTERE DE L'ENVIRONNEMENT DU QUEBEC
52235,02OB047,MINISTERE DE L'ENVIRONNEMENT DU QUEBEC
52401,02OB046,MINISTERE DE L'ENVIRONNEMENT DU QUEBEC
52601,02OC002,MINISTERE DE L'ENVIRONNEMENT DU QUEBEC
52602,02OC008,#N/A
52603,02OC007,MINISTERE DE L'ENVIRONNEMENT DU QUEBEC
52604,02OC006,MINISTERE DE L'ENVIRONNEMENT DU QUEBEC
52605,02O020 ,#N/A
52606,02OC021,MINISTERE DE L'ENVIRONNEMENT DU QUEBEC
52701,02OC017,#N/A
52801,02OC001,MINISTERE DE L'ENVIRONNEMENT DU QUEBEC
52802,02OC005,MINISTERE DE L'ENVIRONNEMENT DU QUEBEC
52803,02OC010,MINISTERE DE L'ENVIRONNEMENT DU QUEBEC
52804,02OC009,MINISTERE DE L'ENVIRONNEMENT DU QUEBEC
52805,02OC004,MINISTERE DE L'ENVIRONNEMENT DU QUEBEC
52806,02OC011,MINISTERE DE L'ENVIRONNEMENT DU QUEBEC
52807,02OC012,#N/A
52808,02OC018,#N/A
52809,02OC019,MINISTERE DE L'ENVIRONNEMENT DU QUEBEC
52810,020C022,MINISTERE DE L'ENVIRONNEMENT DU QUEBEC
53001,02OC013,#N/A
53002,02O015 ,#N/A
53003,02OC014,#N/A
53901,02PD016,MINISTERE DE L'ENVIRONNEMENT DU QUEBEC
54001,02PD026,MINISTERE DE L'ENVIRONNEMENT DU QUEBEC
54201,02PE005,MINISTERE DE L'ENVIRONNEMENT DU QUEBEC
60101,02RH049,MINISTERE DE L'ENVIRONNEMENT DU QUEBEC
60102,02RH067,MINISTERE DE L'ENVIRONNEMENT DU QUEBEC
60401,02RH050,#N/A
60402,02RH051,#N/A
60601,02RH048,MINISTERE DE L'ENVIRONNEMENT DU QUEBEC
60701,02RH060,#N/A
60704,02RH069,MINISTERE DE L'ENVIRONNEMENT DU QUEBEC
60901,02RH070,MINISTERE DE L'ENVIRONNEMENT DU QUEBEC
61001,02RH002,MINISTERE DE L'ENVIRONNEMENT DU QUEBEC
61002,02RH014,MINISTERE DE L'ENVIRONNEMENT DU QUEBEC
61003,02RH023,MINISTERE DE L'ENVIRONNEMENT DU QUEBEC
61004,02RH015,MINISTERE DE L'ENVIRONNEMENT DU QUEBEC
61005,02RH032,#N/A
61006,02RH033,#N/A
61007,02RH036,#N/A
61008,02RH063,MINISTERE DE L'ENVIRONNEMENT DU QUEBEC
61012,02RH028,MINISTERE DE L'ENVIRONNEMENT DU QUEBEC
61013,02RH024,#N/A
61014,02RH025,#N/A
61015,02RH026,#N/A
61017,02RH008,LA COMPAGNIE PRICE LIMITEE
61019,02RH034,MINISTERE DE L'ENVIRONNEMENT DU QUEBEC
61020,02RH035,MINISTERE DE L'ENVIRONNEMENT DU QUEBEC
61021,02RH029,MINISTERE DE L'ENVIRONNEMENT DU QUEBEC
61022,02RH027,MINISTERE DE L'ENVIRONNEMENT DU QUEBEC
61023,02RH061,MINISTERE DE L'ENVIRONNEMENT DU QUEBEC
61024,02RH066,MINISTERE DE L'ENVIRONNEMENT DU QUEBEC
61028,02RH071,MINISTERE DE L'ENVIRONNEMENT DU QUEBEC
61029,02RH072,MINISTERE DE L'ENVIRONNEMENT DU QUEBEC
61201,02RH057,MINISTERE DE L'ENVIRONNEMENT DU QUEBEC
61301,02RG017,#N/A
61302,02RG018,MINISTERE DE L'ENVIRONNEMENT DU QUEBEC
61303,02RG019,MINISTERE DE L'ENVIRONNEMENT DU QUEBEC
61304,02RG015,MINISTERE DE L'ENVIRONNEMENT DU QUEBEC
61305,02RG016,MINISTERE DE L'ENVIRONNEMENT DU QUEBEC
61306,02RG014,MINISTERE DE L'ENVIRONNEMENT DU QUEBEC
61307,02RH065,MINISTERE DE L'ENVIRONNEMENT DU QUEBEC
61401,02RG011,MINISTERE DE L'ENVIRONNEMENT DU QUEBEC
61501,02RG006,SAINT-RAYMOND PAPER COMPANY
61502,02RG005,MINISTERE DE L'ENVIRONNEMENT DU QUEBEC
61503,02RG004,#N/A
61601,02RG007,MINISTERE DE L'ENVIRONNEMENT DU QUEBEC
61602,02RG008,MINISTERE DE L'ENVIRONNEMENT DU QUEBEC
61603,02RG009,MINISTERE DE L'ENVIRONNEMENT DU QUEBEC
61701,02RG012,MINISTERE DE L'ENVIRONNEMENT DU QUEBEC
61801,02RC011,MINISTERE DE L'ENVIRONNEMENT DU QUEBEC
61901,02RF001,MINISTERE DE L'ENVIRONNEMENT DU QUEBEC
61902,02RF005,#N/A
61903,02RF004,#N/A
61904,02RF003,#N/A
61905,02RF002,MINISTERE DE L'ENVIRONNEMENT DU QUEBEC
61906,02RF006,MINISTERE DE L'ENVIRONNEMENT DU QUEBEC
61907,02RF008,#N/A
61908,02RF007,#N/A
61909,02RF009,MINISTERE DE L'ENVIRONNEMENT DU QUEBEC
62001,02RD006,MINISTERE DE L'ENVIRONNEMENT DU QUEBEC
62002,02RF010,MINISTERE DE L'ENVIRONNEMENT DU QUEBEC
62101,02RD002,MINISTERE DE L'ENVIRONNEMENT DU QUEBEC
62102,02RD003,MINISTERE DE L'ENVIRONNEMENT DU QUEBEC
62103,02RE002,MINISTERE DE L'ENVIRONNEMENT DU QUEBEC
62104,02RE004,MINISTERE DE L'ENVIRONNEMENT DU QUEBEC
62105,02RE005,#N/A
62106,02RD004,#N/A
62107,02RD001,#N/A
62108,02RD005,#N/A
62109,02RE003,MINISTERE DE L'ENVIRONNEMENT DU QUEBEC
62110,02RE006,MINISTERE DE L'ENVIRONNEMENT DU QUEBEC
62111,02RE001,MINISTERE DE L'ENVIRONNEMENT DU QUEBEC
62114,02RD007,MINISTERE DE L'ENVIRONNEMENT DU QUEBEC
62201,02RB001,LA COMPAGNIE ALUMINIUM DU CANADA
62202,02RC003,LA COMPAGNIE ALUMINIUM DU CANADA
62203,02RC002,LA COMPAGNIE ALUMINIUM DU CANADA
62204,02RA001,LA COMPAGNIE ALUMINIUM DU CANADA
62205,02RB003,QUEBEC HYDRO-ELECTRIC COMMISSION
62206,02RC001,#N/A
62207,02RC007,LA COMPAGNIE ALUMINIUM DU CANADA
62208,02RC005,LA COMPAGNIE ALUMINIUM DU CANADA
62209,02RB004,MINISTERE DE L'ENVIRONNEMENT DU QUEBEC
62210,02RC010,MINISTERE DE L'ENVIRONNEMENT DU QUEBEC
62211,02RC006,#N/A
62212,02RC008,#N/A
62213,02RC009,#N/A
62401,02RH040,#N/A
62402,02RH041,#N/A
62403,02RH059,MINISTERE DE L'ENVIRONNEMENT DU QUEBEC
62501,02RH004,LA COMPAGNIE PRICE LIMITEE
62502,02RH005,LA COMPAGNIE PRICE LIMITEE
62503,02RH003,LA COMPAGNIE PRICE LIMITEE
62504,02RH006,LA COMPAGNIE PRICE LIMITEE
62505,02RH011,LA COMPAGNIE PRICE LIMITEE
62506,02RH012,LA COMPAGNIE PRICE LIMITEE
62601,02RH044,#N/A
62701,02RH045,MINISTERE DE L'ENVIRONNEMENT DU QUEBEC
62702,02RH042,#N/A
62703,02RH043,#N/A
62801,02RH046,MINISTERE DE L'ENVIRONNEMENT DU QUEBEC
62802,02RH047,MINISTERE DE L'ENVIRONNEMENT DU QUEBEC
62803,02RH073,MINISTERE DE L'ENVIRONNEMENT DU QUEBEC
62901,02RH001,LA COMPAGNIE ALUMINIUM DU CANADA
62902,02RG010,#N/A
62903,02RH017,LA COMPAGNIE ALUMINIUM DU CANADA
62904,02RG002,#N/A
62905,02RG003,#N/A
62906,02RH021,#N/A
62907,02RH022,#N/A
62908,02RH018,#N/A
62909,02RH019,LA COMPAGNIE ALUMINIUM DU CANADA
62910,02RH020,#N/A
62911,02RG013,#N/A
62912,02RH062,LA COMPAGNIE ALUMINIUM DU CANADA
62914,02RG020,#N/A
64101,02RG021,MINISTERE DE L'ENVIRONNEMENT DU QUEBEC
64601,02RH052,MINISTERE DE L'ENVIRONNEMENT DU QUEBEC
64602,02RH053,MINISTERE DE L'ENVIRONNEMENT DU QUEBEC
64603,02RH054,MINISTERE DE L'ENVIRONNEMENT DU QUEBEC
64701,02RH055,#N/A
70201,02SC001,MINISTERE DE L'ENVIRONNEMENT DU QUEBEC
70202,02SC003,MINISTERE DE L'ENVIRONNEMENT DU QUEBEC
70203,02SC004,MINISTERE DE L'ENVIRONNEMENT DU QUEBEC
70204,02SC005,MINISTERE DE L'ENVIRONNEMENT DU QUEBEC
70401,02SC002,MINISTERE DE L'ENVIRONNEMENT DU QUEBEC
70701,02SB002,QUEBEC HYDRO-ELECTRIC COMMISSION
70702,02SB004,QUEBEC HYDRO-ELECTRIC COMMISSION
70703,02SB001,QUEBEC HYDRO-ELECTRIC COMMISSION
70704,02SB005,MINISTERE DE L'ENVIRONNEMENT DU QUEBEC
70705,02SB006,QUEBEC HYDRO-ELECTRIC COMMISSION
70706,02SB003,QUEBEC HYDRO-ELECTRIC COMMISSION
71001,02TE001,QUEBEC NORTH SHORE PAPER COMPANY
71002,02TE002,QUEBEC HYDRO-ELECTRIC COMMISSION
71003,02TE003,QUEBEC HYDRO-ELECTRIC COMMISSION
71101,02TC001,QUEBEC NORTH SHORE PAPER COMPANY
71102,02TB001,QUEBEC CARTIER MINING COMPANY
71103,02TC002,QUEBEC NORTH SHORE PAPER COMPANY
71104,02TC003,QUEBEC HYDRO-ELECTRIC COMMISSION
71105,02TC004,QUEBEC HYDRO-ELECTRIC COMMISSION
71201,02UA006,MINISTERE DE L'ENVIRONNEMENT DU QUEBEC
71203,02UA007,MINISTERE DE L'ENVIRONNEMENT DU QUEBEC
71401,02UA003,MINISTERE DE L'ENVIRONNEMENT DU QUEBEC
71501,02UA001,MINISTERE DE L'ENVIRONNEMENT DU QUEBEC
71701,02UA004,#N/A
71801,02UA008,MINISTERE DE L'ENVIRONNEMENT DU QUEBEC
72101,02UB002,GULF POWER COMPANY
72201,02UB001,MINISTERE DE L'ENVIRONNEMENT DU QUEBEC
72301,02UC002,MINISTERE DE L'ENVIRONNEMENT DU QUEBEC
72302,02UC003,MINISTERE DE L'ENVIRONNEMENT DU QUEBEC
72501,02UC004,MINISTERE DE L'ENVIRONNEMENT DU QUEBEC
72502,02UC005,MINISTERE DE L'ENVIRONNEMENT DU QUEBEC
72503,02UC006,MINISTERE DE L'ENVIRONNEMENT DU QUEBEC
72504,02UC007,MINISTERE DE L'ENVIRONNEMENT DU QUEBEC
73301,02VA001,MINISTERE DE L'ENVIRONNEMENT DU QUEBEC
73302,02VA002,MINISTERE DE L'ENVIRONNEMENT DU QUEBEC
73303,02VA003,MINISTERE DE L'ENVIRONNEMENT DU QUEBEC
73501,02VB001,MINISTERE DE L'ENVIRONNEMENT DU QUEBEC
73502,02VB003,MINISTERE DE L'ENVIRONNEMENT DU QUEBEC
73503,02VB004,MINISTERE DE L'ENVIRONNEMENT DU QUEBEC
73801,02VC001,MINISTERE DE L'ENVIRONNEMENT DU QUEBEC
73802,02VC002,MINISTERE DE L'ENVIRONNEMENT DU QUEBEC
74601,02WA001,QUEBEC HYDRO-ELECTRIC COMMISSION
74701,02WA002,QUEBEC HYDRO-ELECTRIC COMMISSION
74702,02WA003,MINISTERE DE L'ENVIRONNEMENT DU QUEBEC
74901,02WB001,MINISTERE DE L'ENVIRONNEMENT DU QUEBEC
74902,02WB002,MINISTERE DE L'ENVIRONNEMENT DU QUEBEC
74903,02WB003,MINISTERE DE L'ENVIRONNEMENT DU QUEBEC
75401,02WC002,QUEBEC HYDRO-ELECTRIC COMMISSION
75601,02WC001,MINISTERE DE L'ENVIRONNEMENT DU QUEBEC
75701,02XA006,MINISTERE DE L'ENVIRONNEMENT DU QUEBEC
75702,02XA007,MINISTERE DE L'ENVIRONNEMENT DU QUEBEC
75705,02XA008,MINISTERE DE L'ENVIRONNEMENT DU QUEBEC
76101,02XB001,MINISTERE DE L'ENVIRONNEMENT DU QUEBEC
76201,02XB002,MINISTERE DE L'ENVIRONNEMENT DU QUEBEC
76601,02XC001,MINISTERE DE L'ENVIRONNEMENT DU QUEBEC
76801,02XD001,MINISTERE DE L'ENVIRONNEMENT DU QUEBEC
80101,04NA001,MINISTERE DE L'ENVIRONNEMENT DU QUEBEC
80102,04NA002,MINISTERE DE L'ENVIRONNEMENT DU QUEBEC
80103,04NA003,MINISTERE DE L'ENVIRONNEMENT DU QUEBEC
80104,04NB001,MINISTERE DE L'ENVIRONNEMENT DU QUEBEC
80105,04NA004,#N/A
80106,04NA005,MINISTERE DE L'ENVIRONNEMENT DU QUEBEC
80701,03AD001,MINISTERE DE L'ENVIRONNEMENT DU QUEBEC
80702,03AB001,MINISTERE DE L'ENVIRONNEMENT DU QUEBEC
80703,03AC001,MINISTERE DE L'ENVIRONNEMENT DU QUEBEC
80704,03AB003,MINISTERE DE L'ENVIRONNEMENT DU QUEBEC
80705,03AC002,MINISTERE DE L'ENVIRONNEMENT DU QUEBEC
80706,03AC005,MINISTERE DE L'ENVIRONNEMENT DU QUEBEC
80707,03AC004,MINISTERE DE L'ENVIRONNEMENT DU QUEBEC
80708,03AC006,MINISTERE DE L'ENVIRONNEMENT DU QUEBEC
80709,03AA002,MINISTERE DE L'ENVIRONNEMENT DU QUEBEC
80710,03AA003,MINISTERE DE L'ENVIRONNEMENT DU QUEBEC
80711,03AA004,MINISTERE DE L'ENVIRONNEMENT DU QUEBEC
80712,03AA005,MINISTERE DE L'ENVIRONNEMENT DU QUEBEC
80713,03AA006,MINISTERE DE L'ENVIRONNEMENT DU QUEBEC
80714,03AA007,MINISTERE DE L'ENVIRONNEMENT DU QUEBEC
80715,03AC003,#N/A
80716,03AD002,MINISTERE DE L'ENVIRONNEMENT DU QUEBEC
80717,03AC007,MINISTERE DE L'ENVIRONNEMENT DU QUEBEC
80718,03AB002,MINISTERE DE L'ENVIRONNEMENT DU QUEBEC
80719,03AA008,MINISTERE DE L'ENVIRONNEMENT DU QUEBEC
80720,03AC010,MINISTERE DE L'ENVIRONNEMENT DU QUEBEC
80721,03AC008,MINISTERE DE L'ENVIRONNEMENT DU QUEBEC
80722,03AC009,MINISTERE DE L'ENVIRONNEMENT DU QUEBEC
80725,03AA009,#N/A
80801,03BE001,MINISTERE DE L'ENVIRONNEMENT DU QUEBEC
80802,03BD001,MINISTERE DE L'ENVIRONNEMENT DU QUEBEC
80809,03BD002,MINISTERE DE L'ENVIRONNEMENT DU QUEBEC
81001,03BC001,MINISTERE DE L'ENVIRONNEMENT DU QUEBEC
81002,03BC002,MINISTERE DE L'ENVIRONNEMENT DU QUEBEC
81003,03BA001,MINISTERE DE L'ENVIRONNEMENT DU QUEBEC
81004,03BB001,MINISTERE DE L'ENVIRONNEMENT DU QUEBEC
81005,03BB004,#N/A
81006,03BA003,MINISTERE DE L'ENVIRONNEMENT DU QUEBEC
81007,03BB002,MINISTERE DE L'ENVIRONNEMENT DU QUEBEC
81008,03BB003,MINISTERE DE L'ENVIRONNEMENT DU QUEBEC
81101,03BF001,MINISTERE DE L'ENVIRONNEMENT DU QUEBEC
89901,04MA003,MINISTERE DE L'ENVIRONNEMENT DU QUEBEC
89902,04MA004,MINISTERE DE L'ENVIRONNEMENT DU QUEBEC
89903,04MA001,MINISTERE DE L'ENVIRONNEMENT DU QUEBEC
89904,04MA005,#N/A
89905,04MA006,MINISTERE DE L'ENVIRONNEMENT DU QUEBEC
89906,04MA007,MINISTERE DE L'ENVIRONNEMENT DU QUEBEC
89907,04MA009,MINISTERE DE L'ENVIRONNEMENT DU QUEBEC
90601,03CC001,MINISTERE DE L'ENVIRONNEMENT DU QUEBEC
90602,03CB001,MINISTERE DE L'ENVIRONNEMENT DU QUEBEC
90603,03CC002,MINISTERE DE L'ENVIRONNEMENT DU QUEBEC
90604,03CB002,MINISTERE DE L'ENVIRONNEMENT DU QUEBEC
90605,03CB003,MINISTERE DE L'ENVIRONNEMENT DU QUEBEC
90606,03CD001,MINISTERE DE L'ENVIRONNEMENT DU QUEBEC
90607,03CE001,MINISTERE DE L'ENVIRONNEMENT DU QUEBEC
90609,03CD002,MINISTERE DE L'ENVIRONNEMENT DU QUEBEC
90610,03CA001,MINISTERE DE L'ENVIRONNEMENT DU QUEBEC
90611,03CE002,#N/A
90613,03CB004,MINISTERE DE L'ENVIRONNEMENT DU QUEBEC
92701,03DB001,MINISTERE DE L'ENVIRONNEMENT DU QUEBEC
92702,03DC001,MINISTERE DE L'ENVIRONNEMENT DU QUEBEC
92703,03DC002,MINISTERE DE L'ENVIRONNEMENT DU QUEBEC
92704,03DF001,MINISTERE DE L'ENVIRONNEMENT DU QUEBEC
92705,03DB002,MINISTERE DE L'ENVIRONNEMENT DU QUEBEC
92706,03DB003,MINISTERE DE L'ENVIRONNEMENT DU QUEBEC
92707,03DE001,MINISTERE DE L'ENVIRONNEMENT DU QUEBEC
92708,03DD003,MINISTERE DE L'ENVIRONNEMENT DU QUEBEC
92709,03DE002,MINISTERE DE L'ENVIRONNEMENT DU QUEBEC
92710,03DD004,MINISTERE DE L'ENVIRONNEMENT DU QUEBEC
92711,03DD005,MINISTERE DE L'ENVIRONNEMENT DU QUEBEC
92712,03DE003,MINISTERE DE L'ENVIRONNEMENT DU QUEBEC
92713,03DE006,#N/A
92714,03DE007,MINISTERE DE L'ENVIRONNEMENT DU QUEBEC
92715,03DD002,MINISTERE DE L'ENVIRONNEMENT DU QUEBEC
92716,03DA001,MINISTERE DE L'ENVIRONNEMENT DU QUEBEC
92717,03DC003,MINISTERE DE L'ENVIRONNEMENT DU QUEBEC
92718,03DD001,MINISTERE DE L'ENVIRONNEMENT DU QUEBEC
92719,03DE004,MINISTERE DE L'ENVIRONNEMENT DU QUEBEC
92721,03DC005,MINISTERE DE L'ENVIRONNEMENT DU QUEBEC
92722,03DA002,QUEBEC HYDRO-ELECTRIC COMMISSION
92723,03DB004,QUEBEC HYDRO-ELECTRIC COMMISSION
92724,03DE005,#N/A
92725,03DC004,QUEBEC HYDRO-ELECTRIC COMMISSION
92729,03LA002,MINISTERE DE L'ENVIRONNEMENT DU QUEBEC
93301,03EE001,MINISTERE DE L'ENVIRONNEMENT DU QUEBEC
93302,03EE003,MINISTERE DE L'ENVIRONNEMENT DU QUEBEC
93501,03EE002,#N/A
93801,03ED001,MINISTERE DE L'ENVIRONNEMENT DU QUEBEC
93802,03ED003,MINISTERE DE L'ENVIRONNEMENT DU QUEBEC
93803,03ED002,MINISTERE DE L'ENVIRONNEMENT DU QUEBEC
93804,03EC001,MINISTERE DE L'ENVIRONNEMENT DU QUEBEC
93805,03ED004,QUEBEC HYDRO-ELECTRIC COMMISSION
93806,03EA001,MINISTERE DE L'ENVIRONNEMENT DU QUEBEC
93807,03EA002,MINISTERE DE L'ENVIRONNEMENT DU QUEBEC
93808,03EA004,MINISTERE DE L'ENVIRONNEMENT DU QUEBEC
94201,03FC001,MINISTERE DE L'ENVIRONNEMENT DU QUEBEC
94202,03FC002,MINISTERE DE L'ENVIRONNEMENT DU QUEBEC
94203,03FC003,QUEBEC HYDRO-ELECTRIC COMMISSION
94204,03FC005,MINISTERE DE L'ENVIRONNEMENT DU QUEBEC
94205,03FC006,MINISTERE DE L'ENVIRONNEMENT DU QUEBEC
94206,03FC008,MINISTERE DE L'ENVIRONNEMENT DU QUEBEC
94207,03FC007,MINISTERE DE L'ENVIRONNEMENT DU QUEBEC
94501,03FB004,MINISTERE DE L'ENVIRONNEMENT DU QUEBEC
94502,03FB001,MINISTERE DE L'ENVIRONNEMENT DU QUEBEC
94701,03FB002,MINISTERE DE L'ENVIRONNEMENT DU QUEBEC
95001,03FA004,MINISTERE DE L'ENVIRONNEMENT DU QUEBEC
95002,03FA002,MINISTERE DE L'ENVIRONNEMENT DU QUEBEC
95003,03FA003,MINISTERE DE L'ENVIRONNEMENT DU QUEBEC
96101,03GB001,MINISTERE DE L'ENVIRONNEMENT DU QUEBEC
97001,03GC001,MINISTERE DE L'ENVIRONNEMENT DU QUEBEC
97301,03GD001,MINISTERE DE L'ENVIRONNEMENT DU QUEBEC
97302,03GD002,#N/A
97303,03GD003,MINISTERE DE L'ENVIRONNEMENT DU QUEBEC
98401,03FB003,#N/A
101701,03HC001,#N/A
102001,03HA001,MINISTERE DE L'ENVIRONNEMENT DU QUEBEC
102002,03HB005,MINISTERE DE L'ENVIRONNEMENT DU QUEBEC
102003,03HA007,MINISTERE DE L'ENVIRONNEMENT DU QUEBEC
102004,03HA009,MINISTERE DE L'ENVIRONNEMENT DU QUEBEC
102005,03HB003,MINISTERE DE L'ENVIRONNEMENT DU QUEBEC
102006,03HA010,#N/A
102007,03HA014,#N/A
102008,03HA015,MINISTERE DE L'ENVIRONNEMENT DU QUEBEC
102009,03HA008,#N/A
102010,03HB004,MINISTERE DE L'ENVIRONNEMENT DU QUEBEC
102011,03HA011,#N/A
102012,03HA002,#N/A
102013,03HA003,#N/A
102014,03HA004,#N/A
102015,03HB001,MINISTERE DE L'ENVIRONNEMENT DU QUEBEC
102016,03HB002,MINISTERE DE L'ENVIRONNEMENT DU QUEBEC
102017,03HA016,MINISTERE DE L'ENVIRONNEMENT DU QUEBEC
102018,03HA012,MINISTERE DE L'ENVIRONNEMENT DU QUEBEC
102501,03JC001,#N/A
102701,03JB001,MINISTERE DE L'ENVIRONNEMENT DU QUEBEC
102702,03JB002,#N/A
102703,03JB003,#N/A
102704,03JA001,MINISTERE DE L'ENVIRONNEMENT DU QUEBEC
102705,03JA002,MINISTERE DE L'ENVIRONNEMENT DU QUEBEC
102706,03JB004,MINISTERE DE L'ENVIRONNEMENT DU QUEBEC
102801,03JC002,#N/A
103501,03KE001,MINISTERE DE L'ENVIRONNEMENT DU QUEBEC
103601,03KC001,#N/A
103602,03KC002,MINISTERE DE L'ENVIRONNEMENT DU QUEBEC
103603,03KA001,MINISTERE DE L'ENVIRONNEMENT DU QUEBEC
103604,03KC003,#N/A
103605,03KC004,MINISTERE DE L'ENVIRONNEMENT DU QUEBEC
103701,03LF001,#N/A
103702,03LF002,MINISTERE DE L'ENVIRONNEMENT DU QUEBEC
103703,03LE002,MINISTERE DE L'ENVIRONNEMENT DU QUEBEC
103704,03LD006,MINISTERE DE L'ENVIRONNEMENT DU QUEBEC
103705,03LC001,#N/A
103706,03LE003,#N/A
103707,03LB001,#N/A
103709,03LF003,#N/A
103710,03LD001,#N/A
103711,03LD002,#N/A
103712,03LB007,#N/A
103713,03LD003,#N/A
103714,03LA001,MINISTERE DE L'ENVIRONNEMENT DU QUEBEC
103715,03LD004,MINISTERE DE L'ENVIRONNEMENT DU QUEBEC
103716,03LB002,#N/A
103718,03LB010,#N/A
103719,03LB008,#N/A
103720,03LB009,#N/A
103801,03MB001,MINISTERE DE L'ENVIRONNEMENT DU QUEBEC
104001,03MB002,MINISTERE DE L'ENVIRONNEMENT DU QUEBEC
104002,03MB003,#N/A
104003,03MA001,#N/A
104004,03MA002,#N/A
104401,03MC001,MINISTERE DE L'ENVIRONNEMENT DU QUEBEC
104402,03MC002,#N/A
104801,03ME002,MINISTERE DE L'ENVIRONNEMENT DU QUEBEC
104802,03ME001,#N/A
104803,03MD001,MINISTERE DE L'ENVIRONNEMENT DU QUEBEC
104804,03MD002,MINISTERE DE L'ENVIRONNEMENT DU QUEBEC
107708,03LD005,#N/A
120201,02PE014,MINISTERE DE L'ENVIRONNEMENT DU QUEBEC
120701,02PB039,#N/A
123001,02PE015,MINISTERE DE L'ENVIRONNEMENT DU QUEBEC
132901,02WD003,MINISTERE DE L'ENVIRONNEMENT DU QUEBEC
135201,02WD001,MINISTERE DE L'ENVIRONNEMENT DU QUEBEC
136501,02WD002,MINISTERE DE L'ENVIRONNEMENT DU QUEBEC
02E901,02PG024,MINISTERE DE L'ENVIRONNEMENT DU QUEBEC
