,166
01BH007,MINISTERE DE L'ENVIRONNEMENT DU QUEBEC
01BG002,MINISTERE DE L'ENVIRONNEMENT DU QUEBEC
01BG009,MINISTERE DE L'ENVIRONNEMENT DU QUEBEC
01BG001,MINISTERE DE L'ENVIRONNEMENT DU QUEBEC
01BG008,MINISTERE DE L'ENVIRONNEMENT DU QUEBEC
01BG010,MINISTERE DE L'ENVIRONNEMENT DU QUEBEC
01BG003,MINISTERE DE L'ENVIRONNEMENT DU QUEBEC
01BG004,MINISTERE DE L'ENVIRONNEMENT DU QUEBEC
01BG005,MINISTERE DE L'ENVIRONNEMENT DU QUEBEC
01BF001,MINISTERE DE L'ENVIRONNEMENT DU QUEBEC
01BF002,MINISTERE DE L'ENVIRONNEMENT DU QUEBEC
01BF003,MINISTERE DE L'ENVIRONNEMENT DU QUEBEC
01BF004,MINISTERE DE L'ENVIRONNEMENT DU QUEBEC
01BD004,MINISTERE DE L'ENVIRONNEMENT DU QUEBEC
01BD002,MINISTERE DE L'ENVIRONNEMENT DU QUEBEC
01BD008,MINISTERE DE L'ENVIRONNEMENT DU QUEBEC
01BD009,MINISTERE DE L'ENVIRONNEMENT DU QUEBEC
01AD001,MINISTERE DE L'ENVIRONNEMENT DU QUEBEC
01AD008,MINISTERE DE L'ENVIRONNEMENT DU QUEBEC
01AD009,MINISTERE DE L'ENVIRONNEMENT DU QUEBEC
01AD015,MINISTERE DE L'ENVIRONNEMENT DU QUEBEC
01AA002,MINISTERE DE L'ENVIRONNEMENT DU QUEBEC
01AD014,MINISTERE DE L'ENVIRONNEMENT DU QUEBEC
01BH008,MINISTERE DE L'ENVIRONNEMENT DU QUEBEC
01BH012,MINISTERE DE L'ENVIRONNEMENT DU QUEBEC
01BH002,MINISTERE DE L'ENVIRONNEMENT DU QUEBEC
01BH010,MINISTERE DE L'ENVIRONNEMENT DU QUEBEC
02QC014,MINISTERE DE L'ENVIRONNEMENT DU QUEBEC
01BH001,MINISTERE DE L'ENVIRONNEMENT DU QUEBEC
01BH005,MINISTERE DE L'ENVIRONNEMENT DU QUEBEC
02QC017,MINISTERE DE L'ENVIRONNEMENT DU QUEBEC
02QC001,MINISTERE DE L'ENVIRONNEMENT DU QUEBEC
02QC010,MINISTERE DE L'ENVIRONNEMENT DU QUEBEC
02QC008,MINISTERE DE L'ENVIRONNEMENT DU QUEBEC
02QC009,MINISTERE DE L'ENVIRONNEMENT DU QUEBEC
02QB011,MINISTERE DE L'ENVIRONNEMENT DU QUEBEC
02QB001,MINISTERE DE L'ENVIRONNEMENT DU QUEBEC
02QB004,MINISTERE DE L'ENVIRONNEMENT DU QUEBEC
02QB008,MINISTERE DE L'ENVIRONNEMENT DU QUEBEC
02QB010,MINISTERE DE L'ENVIRONNEMENT DU QUEBEC
02QB009,MINISTERE DE L'ENVIRONNEMENT DU QUEBEC
02QB016,MINISTERE DE L'ENVIRONNEMENT DU QUEBEC
02QB018,MINISTERE DE L'ENVIRONNEMENT DU QUEBEC
02QB003,MINISTERE DE L'ENVIRONNEMENT DU QUEBEC
02QB005,MINISTERE DE L'ENVIRONNEMENT DU QUEBEC
02QA006,MINISTERE DE L'ENVIRONNEMENT DU QUEBEC
02QA007,MINISTERE DE L'ENVIRONNEMENT DU QUEBEC
02QA016,MINISTERE DE L'ENVIRONNEMENT DU QUEBEC
02QA017,MINISTERE DE L'ENVIRONNEMENT DU QUEBEC
02QA036,MINISTERE DE L'ENVIRONNEMENT DU QUEBEC
02QA010,MINISTERE DE L'ENVIRONNEMENT DU QUEBEC
02QA002,MINISTERE DE L'ENVIRONNEMENT DU QUEBEC
02QA001,MINISTERE DE L'ENVIRONNEMENT DU QUEBEC
02PG009,MINISTERE DE L'ENVIRONNEMENT DU QUEBEC
02PG010,MINISTERE DE L'ENVIRONNEMENT DU QUEBEC
02PG008,MINISTERE DE L'ENVIRONNEMENT DU QUEBEC
02PG004,MINISTERE DE L'ENVIRONNEMENT DU QUEBEC
02PG003,MINISTERE DE L'ENVIRONNEMENT DU QUEBEC
02PG005,MINISTERE DE L'ENVIRONNEMENT DU QUEBEC
02PG006,MINISTERE DE L'ENVIRONNEMENT DU QUEBEC
02PG014,MINISTERE DE L'ENVIRONNEMENT DU QUEBEC
02PG007,MINISTERE DE L'ENVIRONNEMENT DU QUEBEC
02PG015,MINISTERE DE L'ENVIRONNEMENT DU QUEBEC
02PG016,MINISTERE DE L'ENVIRONNEMENT DU QUEBEC
02PG001,MINISTERE DE L'ENVIRONNEMENT DU QUEBEC
02PG017,MINISTERE DE L'ENVIRONNEMENT DU QUEBEC
02PG023,MINISTERE DE L'ENVIRONNEMENT DU QUEBEC
02PG002,MINISTERE DE L'ENVIRONNEMENT DU QUEBEC
02PG018,MINISTERE DE L'ENVIRONNEMENT DU QUEBEC
02PG019,MINISTERE DE L'ENVIRONNEMENT DU QUEBEC
02PG022,MINISTERE DE L'ENVIRONNEMENT DU QUEBEC
02PG020,MINISTERE DE L'ENVIRONNEMENT DU QUEBEC
02PH012,MINISTERE DE L'ENVIRONNEMENT DU QUEBEC
02PH014,MINISTERE DE L'ENVIRONNEMENT DU QUEBEC
02PH001,MINISTERE DE L'ENVIRONNEMENT DU QUEBEC
02PH002,MINISTERE DE L'ENVIRONNEMENT DU QUEBEC
02PH003,MINISTERE DE L'ENVIRONNEMENT DU QUEBEC
02PH010,MINISTERE DE L'ENVIRONNEMENT DU QUEBEC
02PH004,MINISTERE DE L'ENVIRONNEMENT DU QUEBEC
02PH011,MINISTERE DE L'ENVIRONNEMENT DU QUEBEC
02PJ007,MINISTERE DE L'ENVIRONNEMENT DU QUEBEC
02PJ005,MINISTERE DE L'ENVIRONNEMENT DU QUEBEC
02PJ002,MINISTERE DE L'ENVIRONNEMENT DU QUEBEC
02PJ022,MINISTERE DE L'ENVIRONNEMENT DU QUEBEC
02PJ021,MINISTERE DE L'ENVIRONNEMENT DU QUEBEC
02PJ004,MINISTERE DE L'ENVIRONNEMENT DU QUEBEC
02PJ006,MINISTERE DE L'ENVIRONNEMENT DU QUEBEC
02PJ003,MINISTERE DE L'ENVIRONNEMENT DU QUEBEC
02PJ001,MINISTERE DE L'ENVIRONNEMENT DU QUEBEC
02PJ025,MINISTERE DE L'ENVIRONNEMENT DU QUEBEC
02PJ017,MINISTERE DE L'ENVIRONNEMENT DU QUEBEC
02PJ023,MINISTERE DE L'ENVIRONNEMENT DU QUEBEC
02PJ020,MINISTERE DE L'ENVIRONNEMENT DU QUEBEC
02PJ031,MINISTERE DE L'ENVIRONNEMENT DU QUEBEC
02PJ030,MINISTERE DE L'ENVIRONNEMENT DU QUEBEC
02PJ013,MINISTERE DE L'ENVIRONNEMENT DU QUEBEC
02PJ008,MINISTERE DE L'ENVIRONNEMENT DU QUEBEC
02PJ018,MINISTERE DE L'ENVIRONNEMENT DU QUEBEC
02PJ012,MINISTERE DE L'ENVIRONNEMENT DU QUEBEC
02PJ029,MINISTERE DE L'ENVIRONNEMENT DU QUEBEC
02PJ014,MINISTERE DE L'ENVIRONNEMENT DU QUEBEC
02PJ015,MINISTERE DE L'ENVIRONNEMENT DU QUEBEC
02PJ034,MINISTERE DE L'ENVIRONNEMENT DU QUEBEC
02PJ027,MINISTERE DE L'ENVIRONNEMENT DU QUEBEC
02PJ033,MINISTERE DE L'ENVIRONNEMENT DU QUEBEC
02PJ039,MINISTERE DE L'ENVIRONNEMENT DU QUEBEC
02PJ035,MINISTERE DE L'ENVIRONNEMENT DU QUEBEC
02PJ040,MINISTERE DE L'ENVIRONNEMENT DU QUEBEC
02PJ036,MINISTERE DE L'ENVIRONNEMENT DU QUEBEC
02PJ038,MINISTERE DE L'ENVIRONNEMENT DU QUEBEC
02PK003,MINISTERE DE L'ENVIRONNEMENT DU QUEBEC
02PK005,MINISTERE DE L'ENVIRONNEMENT DU QUEBEC
02PK009,MINISTERE DE L'ENVIRONNEMENT DU QUEBEC
02PK006,MINISTERE DE L'ENVIRONNEMENT DU QUEBEC
02PK007,MINISTERE DE L'ENVIRONNEMENT DU QUEBEC
02PL001,MINISTERE DE L'ENVIRONNEMENT DU QUEBEC
02PL005,MINISTERE DE L'ENVIRONNEMENT DU QUEBEC
02PL010,MINISTERE DE L'ENVIRONNEMENT DU QUEBEC
02PL007,MINISTERE DE L'ENVIRONNEMENT DU QUEBEC
02PL012,MINISTERE DE L'ENVIRONNEMENT DU QUEBEC
02PL011,MINISTERE DE L'ENVIRONNEMENT DU QUEBEC
02PL009,MINISTERE DE L'ENVIRONNEMENT DU QUEBEC
02PL016,MINISTERE DE L'ENVIRONNEMENT DU QUEBEC
02PL015,MINISTERE DE L'ENVIRONNEMENT DU QUEBEC
02OD001,MINISTERE DE L'ENVIRONNEMENT DU QUEBEC
02OD008,MINISTERE DE L'ENVIRONNEMENT DU QUEBEC
02OD003,MINISTERE DE L'ENVIRONNEMENT DU QUEBEC
02OD012,MINISTERE DE L'ENVIRONNEMENT DU QUEBEC
02OD004,MINISTERE DE L'ENVIRONNEMENT DU QUEBEC
02OD010,MINISTERE DE L'ENVIRONNEMENT DU QUEBEC
02OD018,MINISTERE DE L'ENVIRONNEMENT DU QUEBEC
02OD019,MINISTERE DE L'ENVIRONNEMENT DU QUEBEC
02OD017,MINISTERE DE L'ENVIRONNEMENT DU QUEBEC
02OD011,MINISTERE DE L'ENVIRONNEMENT DU QUEBEC
02OD009,MINISTERE DE L'ENVIRONNEMENT DU QUEBEC
02OE024,MINISTERE DE L'ENVIRONNEMENT DU QUEBEC
02OE025,MINISTERE DE L'ENVIRONNEMENT DU QUEBEC
02OF004,MINISTERE DE L'ENVIRONNEMENT DU QUEBEC
02OF001,MINISTERE DE L'ENVIRONNEMENT DU QUEBEC
02OE005,MINISTERE DE L'ENVIRONNEMENT DU QUEBEC
02OE003,MINISTERE DE L'ENVIRONNEMENT DU QUEBEC
02OE026,MINISTERE DE L'ENVIRONNEMENT DU QUEBEC
02OE022,MINISTERE DE L'ENVIRONNEMENT DU QUEBEC
02OE021,MINISTERE DE L'ENVIRONNEMENT DU QUEBEC
02OE016,MINISTERE DE L'ENVIRONNEMENT DU QUEBEC
02OE019,MINISTERE DE L'ENVIRONNEMENT DU QUEBEC
02OF006,MINISTERE DE L'ENVIRONNEMENT DU QUEBEC
02OE001,MINISTERE DE L'ENVIRONNEMENT DU QUEBEC
02OF008,MINISTERE DE L'ENVIRONNEMENT DU QUEBEC
02OE010,MINISTERE DE L'ENVIRONNEMENT DU QUEBEC
02OE043,MINISTERE DE L'ENVIRONNEMENT DU QUEBEC
02OF003,MINISTERE DE L'ENVIRONNEMENT DU QUEBEC
02OE013,MINISTERE DE L'ENVIRONNEMENT DU QUEBEC
02OE027,MINISTERE DE L'ENVIRONNEMENT DU QUEBEC
02OE009,MINISTERE DE L'ENVIRONNEMENT DU QUEBEC
02OE015,MINISTERE DE L'ENVIRONNEMENT DU QUEBEC
02OE034,MINISTERE DE L'ENVIRONNEMENT DU QUEBEC
02OE036,MINISTERE DE L'ENVIRONNEMENT DU QUEBEC
02OF014,MINISTERE DE L'ENVIRONNEMENT DU QUEBEC
02OE045,MINISTERE DE L'ENVIRONNEMENT DU QUEBEC
02OE033,MINISTERE DE L'ENVIRONNEMENT DU QUEBEC
02OF009,MINISTERE DE L'ENVIRONNEMENT DU QUEBEC
02OE042,MINISTERE DE L'ENVIRONNEMENT DU QUEBEC
02OF015,MINISTERE DE L'ENVIRONNEMENT DU QUEBEC
02OE050,MINISTERE DE L'ENVIRONNEMENT DU QUEBEC
02OE054,MINISTERE DE L'ENVIRONNEMENT DU QUEBEC
02OF020,MINISTERE DE L'ENVIRONNEMENT DU QUEBEC
02OF021,MINISTERE DE L'ENVIRONNEMENT DU QUEBEC
02OF023,MINISTERE DE L'ENVIRONNEMENT DU QUEBEC
02OF027,MINISTERE DE L'ENVIRONNEMENT DU QUEBEC
02OE061,MINISTERE DE L'ENVIRONNEMENT DU QUEBEC
02OE031,MINISTERE DE L'ENVIRONNEMENT DU QUEBEC
02OE070,MINISTERE DE L'ENVIRONNEMENT DU QUEBEC
02OE071,MINISTERE DE L'ENVIRONNEMENT DU QUEBEC
02OF010,MINISTERE DE L'ENVIRONNEMENT DU QUEBEC
02OE032,MINISTERE DE L'ENVIRONNEMENT DU QUEBEC
02OE040,MINISTERE DE L'ENVIRONNEMENT DU QUEBEC
02OE062,MINISTERE DE L'ENVIRONNEMENT DU QUEBEC
02OE066,MINISTERE DE L'ENVIRONNEMENT DU QUEBEC
02OF029,MINISTERE DE L'ENVIRONNEMENT DU QUEBEC
02OE072,MINISTERE DE L'ENVIRONNEMENT DU QUEBEC
02OE073,MINISTERE DE L'ENVIRONNEMENT DU QUEBEC
02OG001,MINISTERE DE L'ENVIRONNEMENT DU QUEBEC
02OG002,MINISTERE DE L'ENVIRONNEMENT DU QUEBEC
02OG019,MINISTERE DE L'ENVIRONNEMENT DU QUEBEC
02OG020,MINISTERE DE L'ENVIRONNEMENT DU QUEBEC
02OG005,MINISTERE DE L'ENVIRONNEMENT DU QUEBEC
02OG021,MINISTERE DE L'ENVIRONNEMENT DU QUEBEC
02OG007,MINISTERE DE L'ENVIRONNEMENT DU QUEBEC
02OG022,MINISTERE DE L'ENVIRONNEMENT DU QUEBEC
02OG024,MINISTERE DE L'ENVIRONNEMENT DU QUEBEC
02OG014,MINISTERE DE L'ENVIRONNEMENT DU QUEBEC
02OG018,MINISTERE DE L'ENVIRONNEMENT DU QUEBEC
02OG026,MINISTERE DE L'ENVIRONNEMENT DU QUEBEC
02OG017,MINISTERE DE L'ENVIRONNEMENT DU QUEBEC
02OG016,MINISTERE DE L'ENVIRONNEMENT DU QUEBEC
02OG030,MINISTERE DE L'ENVIRONNEMENT DU QUEBEC
02OG031,MINISTERE DE L'ENVIRONNEMENT DU QUEBEC
02OG009,MINISTERE DE L'ENVIRONNEMENT DU QUEBEC
02OG035,MINISTERE DE L'ENVIRONNEMENT DU QUEBEC
02OG036,MINISTERE DE L'ENVIRONNEMENT DU QUEBEC
02OG037,MINISTERE DE L'ENVIRONNEMENT DU QUEBEC
02OG038,MINISTERE DE L'ENVIRONNEMENT DU QUEBEC
02OG034,MINISTERE DE L'ENVIRONNEMENT DU QUEBEC
02OG010,MINISTERE DE L'ENVIRONNEMENT DU QUEBEC
02OG011,MINISTERE DE L'ENVIRONNEMENT DU QUEBEC
02OG039,MINISTERE DE L'ENVIRONNEMENT DU QUEBEC
02OG041,MINISTERE DE L'ENVIRONNEMENT DU QUEBEC
02OG042,MINISTERE DE L'ENVIRONNEMENT DU QUEBEC
02OG043,MINISTERE DE L'ENVIRONNEMENT DU QUEBEC
02OG045,MINISTERE DE L'ENVIRONNEMENT DU QUEBEC
02OG046,MINISTERE DE L'ENVIRONNEMENT DU QUEBEC
02OG047,MINISTERE DE L'ENVIRONNEMENT DU QUEBEC
02OG048,MINISTERE DE L'ENVIRONNEMENT DU QUEBEC
02OH004,MINISTERE DE L'ENVIRONNEMENT DU QUEBEC
02OH009,MINISTERE DE L'ENVIRONNEMENT DU QUEBEC
02OJ024,MINISTERE DE L'ENVIRONNEMENT DU QUEBEC
02OH008,MINISTERE DE L'ENVIRONNEMENT DU QUEBEC
02OJ026,MINISTERE DE L'ENVIRONNEMENT DU QUEBEC
02OH012,MINISTERE DE L'ENVIRONNEMENT DU QUEBEC
02OA001,MINISTERE DE L'ENVIRONNEMENT DU QUEBEC
02OA059,MINISTERE DE L'ENVIRONNEMENT DU QUEBEC
02OA054,MINISTERE DE L'ENVIRONNEMENT DU QUEBEC
02OA057,MINISTERE DE L'ENVIRONNEMENT DU QUEBEC
02OA062,MINISTERE DE L'ENVIRONNEMENT DU QUEBEC
02OA055,MINISTERE DE L'ENVIRONNEMENT DU QUEBEC
02OA060,MINISTERE DE L'ENVIRONNEMENT DU QUEBEC
02OA108,MINISTERE DE L'ENVIRONNEMENT DU QUEBEC
02LC011,MINISTERE DE L'ENVIRONNEMENT DU QUEBEC
02LC014,MINISTERE DE L'ENVIRONNEMENT DU QUEBEC
02LC010,MINISTERE DE L'ENVIRONNEMENT DU QUEBEC
02LC015,MINISTERE DE L'ENVIRONNEMENT DU QUEBEC
02LC012,MINISTERE DE L'ENVIRONNEMENT DU QUEBEC
02LC013,MINISTERE DE L'ENVIRONNEMENT DU QUEBEC
02LC016,MINISTERE DE L'ENVIRONNEMENT DU QUEBEC
02LC009,MINISTERE DE L'ENVIRONNEMENT DU QUEBEC
02LC017,MINISTERE DE L'ENVIRONNEMENT DU QUEBEC
02LC008,MINISTERE DE L'ENVIRONNEMENT DU QUEBEC
02LC005,MINISTERE DE L'ENVIRONNEMENT DU QUEBEC
02LC006,MINISTERE DE L'ENVIRONNEMENT DU QUEBEC
02LC068,MINISTERE DE L'ENVIRONNEMENT DU QUEBEC
02LC001,MINISTERE DE L'ENVIRONNEMENT DU QUEBEC
02LC003,MINISTERE DE L'ENVIRONNEMENT DU QUEBEC
02LC022,MINISTERE DE L'ENVIRONNEMENT DU QUEBEC
02LC038,MINISTERE DE L'ENVIRONNEMENT DU QUEBEC
02LC039,MINISTERE DE L'ENVIRONNEMENT DU QUEBEC
02LC021,MINISTERE DE L'ENVIRONNEMENT DU QUEBEC
02LC024,MINISTERE DE L'ENVIRONNEMENT DU QUEBEC
02LC040,MINISTERE DE L'ENVIRONNEMENT DU QUEBEC
02LC025,MINISTERE DE L'ENVIRONNEMENT DU QUEBEC
02LC026,MINISTERE DE L'ENVIRONNEMENT DU QUEBEC
02LC027,MINISTERE DE L'ENVIRONNEMENT DU QUEBEC
02LC070,MINISTERE DE L'ENVIRONNEMENT DU QUEBEC
02LC007,MINISTERE DE L'ENVIRONNEMENT DU QUEBEC
02LC002,MINISTERE DE L'ENVIRONNEMENT DU QUEBEC
02LC004,MINISTERE DE L'ENVIRONNEMENT DU QUEBEC
02LC029,MINISTERE DE L'ENVIRONNEMENT DU QUEBEC
02LC028,MINISTERE DE L'ENVIRONNEMENT DU QUEBEC
02LC032,MINISTERE DE L'ENVIRONNEMENT DU QUEBEC
02LC034,MINISTERE DE L'ENVIRONNEMENT DU QUEBEC
02LC033,MINISTERE DE L'ENVIRONNEMENT DU QUEBEC
02LC035,MINISTERE DE L'ENVIRONNEMENT DU QUEBEC
02LC043,MINISTERE DE L'ENVIRONNEMENT DU QUEBEC
02LC062,MINISTERE DE L'ENVIRONNEMENT DU QUEBEC
02LC064,MINISTERE DE L'ENVIRONNEMENT DU QUEBEC
02LC066,MINISTERE DE L'ENVIRONNEMENT DU QUEBEC
02LC067,MINISTERE DE L'ENVIRONNEMENT DU QUEBEC
02LD012,MINISTERE DE L'ENVIRONNEMENT DU QUEBEC
02LD002,MINISTERE DE L'ENVIRONNEMENT DU QUEBEC
02LD001,MINISTERE DE L'ENVIRONNEMENT DU QUEBEC
02LD004,MINISTERE DE L'ENVIRONNEMENT DU QUEBEC
02LD005,MINISTERE DE L'ENVIRONNEMENT DU QUEBEC
02LD008,MINISTERE DE L'ENVIRONNEMENT DU QUEBEC
02LD007,MINISTERE DE L'ENVIRONNEMENT DU QUEBEC
02LD006,MINISTERE DE L'ENVIRONNEMENT DU QUEBEC
02LD011,MINISTERE DE L'ENVIRONNEMENT DU QUEBEC
02LE001,MINISTERE DE L'ENVIRONNEMENT DU QUEBEC
02LF002,MINISTERE DE L'ENVIRONNEMENT DU QUEBEC
02LE011,MINISTERE DE L'ENVIRONNEMENT DU QUEBEC
02LE008,MINISTERE DE L'ENVIRONNEMENT DU QUEBEC
02LE019,MINISTERE DE L'ENVIRONNEMENT DU QUEBEC
02LF004,MINISTERE DE L'ENVIRONNEMENT DU QUEBEC
02LE006,MINISTERE DE L'ENVIRONNEMENT DU QUEBEC
02LE017,MINISTERE DE L'ENVIRONNEMENT DU QUEBEC
02LE016,MINISTERE DE L'ENVIRONNEMENT DU QUEBEC
02LE020,MINISTERE DE L'ENVIRONNEMENT DU QUEBEC
02LE021,MINISTERE DE L'ENVIRONNEMENT DU QUEBEC
02LE022,MINISTERE DE L'ENVIRONNEMENT DU QUEBEC
02LE023,MINISTERE DE L'ENVIRONNEMENT DU QUEBEC
02LE003,MINISTERE DE L'ENVIRONNEMENT DU QUEBEC
02LF001,MINISTERE DE L'ENVIRONNEMENT DU QUEBEC
02LE013,MINISTERE DE L'ENVIRONNEMENT DU QUEBEC
02LE018,MINISTERE DE L'ENVIRONNEMENT DU QUEBEC
02LE024,MINISTERE DE L'ENVIRONNEMENT DU QUEBEC
02LE025,MINISTERE DE L'ENVIRONNEMENT DU QUEBEC
02LG006,MINISTERE DE L'ENVIRONNEMENT DU QUEBEC
02LH008,MINISTERE DE L'ENVIRONNEMENT DU QUEBEC
02LH001,MINISTERE DE L'ENVIRONNEMENT DU QUEBEC
02LH007,MINISTERE DE L'ENVIRONNEMENT DU QUEBEC
02LH003,MINISTERE DE L'ENVIRONNEMENT DU QUEBEC
02LH002,MINISTERE DE L'ENVIRONNEMENT DU QUEBEC
02LH004,MINISTERE DE L'ENVIRONNEMENT DU QUEBEC
02LH019,MINISTERE DE L'ENVIRONNEMENT DU QUEBEC
02LH029,MINISTERE DE L'ENVIRONNEMENT DU QUEBEC
02LG005,MINISTERE DE L'ENVIRONNEMENT DU QUEBEC
02LH032,MINISTERE DE L'ENVIRONNEMENT DU QUEBEC
02LH033,MINISTERE DE L'ENVIRONNEMENT DU QUEBEC
02KG001,MINISTERE DE L'ENVIRONNEMENT DU QUEBEC
02KG003,MINISTERE DE L'ENVIRONNEMENT DU QUEBEC
02KH004,MINISTERE DE L'ENVIRONNEMENT DU QUEBEC
02KH003,MINISTERE DE L'ENVIRONNEMENT DU QUEBEC
02KH001,MINISTERE DE L'ENVIRONNEMENT DU QUEBEC
02KA011,MINISTERE DE L'ENVIRONNEMENT DU QUEBEC
02KJ004,MINISTERE DE L'ENVIRONNEMENT DU QUEBEC
02KJ003,MINISTERE DE L'ENVIRONNEMENT DU QUEBEC
02KA014,MINISTERE DE L'ENVIRONNEMENT DU QUEBEC
02KA013,MINISTERE DE L'ENVIRONNEMENT DU QUEBEC
02JE001,MINISTERE DE L'ENVIRONNEMENT DU QUEBEC
02JE023,MINISTERE DE L'ENVIRONNEMENT DU QUEBEC
02KJ007,MINISTERE DE L'ENVIRONNEMENT DU QUEBEC
02JE005,MINISTERE DE L'ENVIRONNEMENT DU QUEBEC
02JE017,MINISTERE DE L'ENVIRONNEMENT DU QUEBEC
02JE029,MINISTERE DE L'ENVIRONNEMENT DU QUEBEC
02JE030,MINISTERE DE L'ENVIRONNEMENT DU QUEBEC
02JA001,MINISTERE DE L'ENVIRONNEMENT DU QUEBEC
02JB001,MINISTERE DE L'ENVIRONNEMENT DU QUEBEC
02JB009,MINISTERE DE L'ENVIRONNEMENT DU QUEBEC
02JB011,MINISTERE DE L'ENVIRONNEMENT DU QUEBEC
02JB012,MINISTERE DE L'ENVIRONNEMENT DU QUEBEC
02JB004,MINISTERE DE L'ENVIRONNEMENT DU QUEBEC
02JB003,MINISTERE DE L'ENVIRONNEMENT DU QUEBEC
02JB002,MINISTERE DE L'ENVIRONNEMENT DU QUEBEC
02JB013,MINISTERE DE L'ENVIRONNEMENT DU QUEBEC
02JB017,MINISTERE DE L'ENVIRONNEMENT DU QUEBEC
02OA105,MINISTERE DE L'ENVIRONNEMENT DU QUEBEC
02KC011,MINISTERE DE L'ENVIRONNEMENT DU QUEBEC
02OA035,MINISTERE DE L'ENVIRONNEMENT DU QUEBEC
02OA094,MINISTERE DE L'ENVIRONNEMENT DU QUEBEC
02OA095,MINISTERE DE L'ENVIRONNEMENT DU QUEBEC
02OA088,MINISTERE DE L'ENVIRONNEMENT DU QUEBEC
02OA102,MINISTERE DE L'ENVIRONNEMENT DU QUEBEC
02OA004,MINISTERE DE L'ENVIRONNEMENT DU QUEBEC
02OA075,MINISTERE DE L'ENVIRONNEMENT DU QUEBEC
02OA076,MINISTERE DE L'ENVIRONNEMENT DU QUEBEC
02OA069,MINISTERE DE L'ENVIRONNEMENT DU QUEBEC
02OA080,MINISTERE DE L'ENVIRONNEMENT DU QUEBEC
02OA092,MINISTERE DE L'ENVIRONNEMENT DU QUEBEC
02JE016,MINISTERE DE L'ENVIRONNEMENT DU QUEBEC
02JE031,MINISTERE DE L'ENVIRONNEMENT DU QUEBEC
02NG004,MINISTERE DE L'ENVIRONNEMENT DU QUEBEC
02NF001,MINISTERE DE L'ENVIRONNEMENT DU QUEBEC
02NC001,MINISTERE DE L'ENVIRONNEMENT DU QUEBEC
02ND001,MINISTERE DE L'ENVIRONNEMENT DU QUEBEC
02NE007,MINISTERE DE L'ENVIRONNEMENT DU QUEBEC
02NG002,MINISTERE DE L'ENVIRONNEMENT DU QUEBEC
02NF003,MINISTERE DE L'ENVIRONNEMENT DU QUEBEC
02ND002,MINISTERE DE L'ENVIRONNEMENT DU QUEBEC
02NG012,MINISTERE DE L'ENVIRONNEMENT DU QUEBEC
02NE003,MINISTERE DE L'ENVIRONNEMENT DU QUEBEC
02NE011,MINISTERE DE L'ENVIRONNEMENT DU QUEBEC
02NG014,MINISTERE DE L'ENVIRONNEMENT DU QUEBEC
02NG017,MINISTERE DE L'ENVIRONNEMENT DU QUEBEC
02NG009,MINISTERE DE L'ENVIRONNEMENT DU QUEBEC
02NF004,MINISTERE DE L'ENVIRONNEMENT DU QUEBEC
02ND003,MINISTERE DE L'ENVIRONNEMENT DU QUEBEC
02NG019,MINISTERE DE L'ENVIRONNEMENT DU QUEBEC
02PA001,MINISTERE DE L'ENVIRONNEMENT DU QUEBEC
02PA007,MINISTERE DE L'ENVIRONNEMENT DU QUEBEC
02PA006,MINISTERE DE L'ENVIRONNEMENT DU QUEBEC
02PA009,MINISTERE DE L'ENVIRONNEMENT DU QUEBEC
02PB005,MINISTERE DE L'ENVIRONNEMENT DU QUEBEC
02PB004,MINISTERE DE L'ENVIRONNEMENT DU QUEBEC
02PB008,MINISTERE DE L'ENVIRONNEMENT DU QUEBEC
02PB020,MINISTERE DE L'ENVIRONNEMENT DU QUEBEC
02PB003,MINISTERE DE L'ENVIRONNEMENT DU QUEBEC
02PB019,MINISTERE DE L'ENVIRONNEMENT DU QUEBEC
02PB006,MINISTERE DE L'ENVIRONNEMENT DU QUEBEC
02PB007,MINISTERE DE L'ENVIRONNEMENT DU QUEBEC
02PB033,MINISTERE DE L'ENVIRONNEMENT DU QUEBEC
02PB025,MINISTERE DE L'ENVIRONNEMENT DU QUEBEC
02PB026,MINISTERE DE L'ENVIRONNEMENT DU QUEBEC
02PB036,MINISTERE DE L'ENVIRONNEMENT DU QUEBEC
02PC009,MINISTERE DE L'ENVIRONNEMENT DU QUEBEC
02PC017,MINISTERE DE L'ENVIRONNEMENT DU QUEBEC
02PC002,MINISTERE DE L'ENVIRONNEMENT DU QUEBEC
02PC011,MINISTERE DE L'ENVIRONNEMENT DU QUEBEC
02PC012,MINISTERE DE L'ENVIRONNEMENT DU QUEBEC
02PC010,MINISTERE DE L'ENVIRONNEMENT DU QUEBEC
02PC013,MINISTERE DE L'ENVIRONNEMENT DU QUEBEC
02PC014,MINISTERE DE L'ENVIRONNEMENT DU QUEBEC
02PC015,MINISTERE DE L'ENVIRONNEMENT DU QUEBEC
02PC016,MINISTERE DE L'ENVIRONNEMENT DU QUEBEC
02PC019,MINISTERE DE L'ENVIRONNEMENT DU QUEBEC
02PC018,MINISTERE DE L'ENVIRONNEMENT DU QUEBEC
02PD009,MINISTERE DE L'ENVIRONNEMENT DU QUEBEC
02PD010,MINISTERE DE L'ENVIRONNEMENT DU QUEBEC
02PD002,MINISTERE DE L'ENVIRONNEMENT DU QUEBEC
02PD012,MINISTERE DE L'ENVIRONNEMENT DU QUEBEC
02PD013,MINISTERE DE L'ENVIRONNEMENT DU QUEBEC
02PD014,MINISTERE DE L'ENVIRONNEMENT DU QUEBEC
02PD004,MINISTERE DE L'ENVIRONNEMENT DU QUEBEC
02PD006,MINISTERE DE L'ENVIRONNEMENT DU QUEBEC
02PD015,MINISTERE DE L'ENVIRONNEMENT DU QUEBEC
02PD005,MINISTERE DE L'ENVIRONNEMENT DU QUEBEC
02PD020,MINISTERE DE L'ENVIRONNEMENT DU QUEBEC
02PE009,MINISTERE DE L'ENVIRONNEMENT DU QUEBEC
02PF003,MINISTERE DE L'ENVIRONNEMENT DU QUEBEC
02PF001,MINISTERE DE L'ENVIRONNEMENT DU QUEBEC
02OB001,MINISTERE DE L'ENVIRONNEMENT DU QUEBEC
02OB002,MINISTERE DE L'ENVIRONNEMENT DU QUEBEC
02OB003,MINISTERE DE L'ENVIRONNEMENT DU QUEBEC
02OB004,MINISTERE DE L'ENVIRONNEMENT DU QUEBEC
02OB006,MINISTERE DE L'ENVIRONNEMENT DU QUEBEC
02OB007,MINISTERE DE L'ENVIRONNEMENT DU QUEBEC
02OB017,MINISTERE DE L'ENVIRONNEMENT DU QUEBEC
02OB018,MINISTERE DE L'ENVIRONNEMENT DU QUEBEC
02OB019,MINISTERE DE L'ENVIRONNEMENT DU QUEBEC
02OB020,MINISTERE DE L'ENVIRONNEMENT DU QUEBEC
02OB008,MINISTERE DE L'ENVIRONNEMENT DU QUEBEC
02OB028,MINISTERE DE L'ENVIRONNEMENT DU QUEBEC
02OB032,MINISTERE DE L'ENVIRONNEMENT DU QUEBEC
02OB033,MINISTERE DE L'ENVIRONNEMENT DU QUEBEC
02OB034,MINISTERE DE L'ENVIRONNEMENT DU QUEBEC
02OB035,MINISTERE DE L'ENVIRONNEMENT DU QUEBEC
02OB036,MINISTERE DE L'ENVIRONNEMENT DU QUEBEC
02OB037,MINISTERE DE L'ENVIRONNEMENT DU QUEBEC
02OC002,MINISTERE DE L'ENVIRONNEMENT DU QUEBEC
02OC007,MINISTERE DE L'ENVIRONNEMENT DU QUEBEC
02OC006,MINISTERE DE L'ENVIRONNEMENT DU QUEBEC
02OC021,MINISTERE DE L'ENVIRONNEMENT DU QUEBEC
02OC001,MINISTERE DE L'ENVIRONNEMENT DU QUEBEC
02OC005,MINISTERE DE L'ENVIRONNEMENT DU QUEBEC
02OC010,MINISTERE DE L'ENVIRONNEMENT DU QUEBEC
02OC009,MINISTERE DE L'ENVIRONNEMENT DU QUEBEC
02OC004,MINISTERE DE L'ENVIRONNEMENT DU QUEBEC
02OC011,MINISTERE DE L'ENVIRONNEMENT DU QUEBEC
02OC019,MINISTERE DE L'ENVIRONNEMENT DU QUEBEC
02PD016,MINISTERE DE L'ENVIRONNEMENT DU QUEBEC
02PE005,MINISTERE DE L'ENVIRONNEMENT DU QUEBEC
02RH049,MINISTERE DE L'ENVIRONNEMENT DU QUEBEC
02RH067,MINISTERE DE L'ENVIRONNEMENT DU QUEBEC
02RH048,MINISTERE DE L'ENVIRONNEMENT DU QUEBEC
02RH002,MINISTERE DE L'ENVIRONNEMENT DU QUEBEC
02RH014,MINISTERE DE L'ENVIRONNEMENT DU QUEBEC
02RH015,MINISTERE DE L'ENVIRONNEMENT DU QUEBEC
02RH063,MINISTERE DE L'ENVIRONNEMENT DU QUEBEC
02RH028,MINISTERE DE L'ENVIRONNEMENT DU QUEBEC
02RH034,MINISTERE DE L'ENVIRONNEMENT DU QUEBEC
02RH035,MINISTERE DE L'ENVIRONNEMENT DU QUEBEC
02RH029,MINISTERE DE L'ENVIRONNEMENT DU QUEBEC
02RH027,MINISTERE DE L'ENVIRONNEMENT DU QUEBEC
02RH061,MINISTERE DE L'ENVIRONNEMENT DU QUEBEC
02RH066,MINISTERE DE L'ENVIRONNEMENT DU QUEBEC
02RH071,MINISTERE DE L'ENVIRONNEMENT DU QUEBEC
02RH072,MINISTERE DE L'ENVIRONNEMENT DU QUEBEC
02RG019,MINISTERE DE L'ENVIRONNEMENT DU QUEBEC
02RG015,MINISTERE DE L'ENVIRONNEMENT DU QUEBEC
02RG016,MINISTERE DE L'ENVIRONNEMENT DU QUEBEC
02RG014,MINISTERE DE L'ENVIRONNEMENT DU QUEBEC
02RH065,MINISTERE DE L'ENVIRONNEMENT DU QUEBEC
02RG005,MINISTERE DE L'ENVIRONNEMENT DU QUEBEC
02RG007,MINISTERE DE L'ENVIRONNEMENT DU QUEBEC
02RG008,MINISTERE DE L'ENVIRONNEMENT DU QUEBEC
02RG009,MINISTERE DE L'ENVIRONNEMENT DU QUEBEC
02RC011,MINISTERE DE L'ENVIRONNEMENT DU QUEBEC
02RF001,MINISTERE DE L'ENVIRONNEMENT DU QUEBEC
02RF002,MINISTERE DE L'ENVIRONNEMENT DU QUEBEC
02RF006,MINISTERE DE L'ENVIRONNEMENT DU QUEBEC
02RF009,MINISTERE DE L'ENVIRONNEMENT DU QUEBEC
02RD006,MINISTERE DE L'ENVIRONNEMENT DU QUEBEC
02RD002,MINISTERE DE L'ENVIRONNEMENT DU QUEBEC
02RD003,MINISTERE DE L'ENVIRONNEMENT DU QUEBEC
02RE002,MINISTERE DE L'ENVIRONNEMENT DU QUEBEC
02RE004,MINISTERE DE L'ENVIRONNEMENT DU QUEBEC
02RE003,MINISTERE DE L'ENVIRONNEMENT DU QUEBEC
02RE006,MINISTERE DE L'ENVIRONNEMENT DU QUEBEC
02RE001,MINISTERE DE L'ENVIRONNEMENT DU QUEBEC
02RD007,MINISTERE DE L'ENVIRONNEMENT DU QUEBEC
02RB004,MINISTERE DE L'ENVIRONNEMENT DU QUEBEC
02RC010,MINISTERE DE L'ENVIRONNEMENT DU QUEBEC
02RH045,MINISTERE DE L'ENVIRONNEMENT DU QUEBEC
02RH047,MINISTERE DE L'ENVIRONNEMENT DU QUEBEC
02RH073,MINISTERE DE L'ENVIRONNEMENT DU QUEBEC
02SC001,MINISTERE DE L'ENVIRONNEMENT DU QUEBEC
02SC003,MINISTERE DE L'ENVIRONNEMENT DU QUEBEC
02SC004,MINISTERE DE L'ENVIRONNEMENT DU QUEBEC
02SC005,MINISTERE DE L'ENVIRONNEMENT DU QUEBEC
02SC002,MINISTERE DE L'ENVIRONNEMENT DU QUEBEC
02SB005,MINISTERE DE L'ENVIRONNEMENT DU QUEBEC
02UA006,MINISTERE DE L'ENVIRONNEMENT DU QUEBEC
02UA003,MINISTERE DE L'ENVIRONNEMENT DU QUEBEC
02UB001,MINISTERE DE L'ENVIRONNEMENT DU QUEBEC
02UC002,MINISTERE DE L'ENVIRONNEMENT DU QUEBEC
02UC003,MINISTERE DE L'ENVIRONNEMENT DU QUEBEC
02UC005,MINISTERE DE L'ENVIRONNEMENT DU QUEBEC
02UC006,MINISTERE DE L'ENVIRONNEMENT DU QUEBEC
02VA001,MINISTERE DE L'ENVIRONNEMENT DU QUEBEC
02VA003,MINISTERE DE L'ENVIRONNEMENT DU QUEBEC
02VB001,MINISTERE DE L'ENVIRONNEMENT DU QUEBEC
02VB003,MINISTERE DE L'ENVIRONNEMENT DU QUEBEC
02VB004,MINISTERE DE L'ENVIRONNEMENT DU QUEBEC
02VC001,MINISTERE DE L'ENVIRONNEMENT DU QUEBEC
02VC002,MINISTERE DE L'ENVIRONNEMENT DU QUEBEC
02WA003,MINISTERE DE L'ENVIRONNEMENT DU QUEBEC
02WB001,MINISTERE DE L'ENVIRONNEMENT DU QUEBEC
02WB002,MINISTERE DE L'ENVIRONNEMENT DU QUEBEC
02WB003,MINISTERE DE L'ENVIRONNEMENT DU QUEBEC
02WC001,MINISTERE DE L'ENVIRONNEMENT DU QUEBEC
02XA006,MINISTERE DE L'ENVIRONNEMENT DU QUEBEC
02XA007,MINISTERE DE L'ENVIRONNEMENT DU QUEBEC
02XA008,MINISTERE DE L'ENVIRONNEMENT DU QUEBEC
02XB001,MINISTERE DE L'ENVIRONNEMENT DU QUEBEC
02XB002,MINISTERE DE L'ENVIRONNEMENT DU QUEBEC
02XC001,MINISTERE DE L'ENVIRONNEMENT DU QUEBEC
02XD001,MINISTERE DE L'ENVIRONNEMENT DU QUEBEC
04NA001,MINISTERE DE L'ENVIRONNEMENT DU QUEBEC
04NA002,MINISTERE DE L'ENVIRONNEMENT DU QUEBEC
04NB001,MINISTERE DE L'ENVIRONNEMENT DU QUEBEC
03AD001,MINISTERE DE L'ENVIRONNEMENT DU QUEBEC
03AB001,MINISTERE DE L'ENVIRONNEMENT DU QUEBEC
03AC001,MINISTERE DE L'ENVIRONNEMENT DU QUEBEC
03AB003,MINISTERE DE L'ENVIRONNEMENT DU QUEBEC
03AC002,MINISTERE DE L'ENVIRONNEMENT DU QUEBEC
03AC005,MINISTERE DE L'ENVIRONNEMENT DU QUEBEC
03AC004,MINISTERE DE L'ENVIRONNEMENT DU QUEBEC
03AC006,MINISTERE DE L'ENVIRONNEMENT DU QUEBEC
03AA002,MINISTERE DE L'ENVIRONNEMENT DU QUEBEC
03AA003,MINISTERE DE L'ENVIRONNEMENT DU QUEBEC
03AA004,MINISTERE DE L'ENVIRONNEMENT DU QUEBEC
03AA005,MINISTERE DE L'ENVIRONNEMENT DU QUEBEC
03AA006,MINISTERE DE L'ENVIRONNEMENT DU QUEBEC
03AA007,MINISTERE DE L'ENVIRONNEMENT DU QUEBEC
03AD002,MINISTERE DE L'ENVIRONNEMENT DU QUEBEC
03AC007,MINISTERE DE L'ENVIRONNEMENT DU QUEBEC
03AB002,MINISTERE DE L'ENVIRONNEMENT DU QUEBEC
03AA008,MINISTERE DE L'ENVIRONNEMENT DU QUEBEC
03AC010,MINISTERE DE L'ENVIRONNEMENT DU QUEBEC
03AC008,MINISTERE DE L'ENVIRONNEMENT DU QUEBEC
03BE001,MINISTERE DE L'ENVIRONNEMENT DU QUEBEC
03BD001,MINISTERE DE L'ENVIRONNEMENT DU QUEBEC
03BD002,MINISTERE DE L'ENVIRONNEMENT DU QUEBEC
03BC001,MINISTERE DE L'ENVIRONNEMENT DU QUEBEC
03BC002,MINISTERE DE L'ENVIRONNEMENT DU QUEBEC
03BA001,MINISTERE DE L'ENVIRONNEMENT DU QUEBEC
03BA003,MINISTERE DE L'ENVIRONNEMENT DU QUEBEC
03BB002,MINISTERE DE L'ENVIRONNEMENT DU QUEBEC
03BB003,MINISTERE DE L'ENVIRONNEMENT DU QUEBEC
03BF001,MINISTERE DE L'ENVIRONNEMENT DU QUEBEC
04MA003,MINISTERE DE L'ENVIRONNEMENT DU QUEBEC
04MA004,MINISTERE DE L'ENVIRONNEMENT DU QUEBEC
04MA001,MINISTERE DE L'ENVIRONNEMENT DU QUEBEC
04MA006,MINISTERE DE L'ENVIRONNEMENT DU QUEBEC
04MA007,MINISTERE DE L'ENVIRONNEMENT DU QUEBEC
03CC001,MINISTERE DE L'ENVIRONNEMENT DU QUEBEC
03CB001,MINISTERE DE L'ENVIRONNEMENT DU QUEBEC
03CC002,MINISTERE DE L'ENVIRONNEMENT DU QUEBEC
03CB003,MINISTERE DE L'ENVIRONNEMENT DU QUEBEC
03CD001,MINISTERE DE L'ENVIRONNEMENT DU QUEBEC
03CE001,MINISTERE DE L'ENVIRONNEMENT DU QUEBEC
03CD002,MINISTERE DE L'ENVIRONNEMENT DU QUEBEC
03CA001,MINISTERE DE L'ENVIRONNEMENT DU QUEBEC
03CB004,MINISTERE DE L'ENVIRONNEMENT DU QUEBEC
03DB001,MINISTERE DE L'ENVIRONNEMENT DU QUEBEC
03DC001,MINISTERE DE L'ENVIRONNEMENT DU QUEBEC
03DC002,MINISTERE DE L'ENVIRONNEMENT DU QUEBEC
03DF001,MINISTERE DE L'ENVIRONNEMENT DU QUEBEC
03DB003,MINISTERE DE L'ENVIRONNEMENT DU QUEBEC
03DE001,MINISTERE DE L'ENVIRONNEMENT DU QUEBEC
03DD003,MINISTERE DE L'ENVIRONNEMENT DU QUEBEC
03DE002,MINISTERE DE L'ENVIRONNEMENT DU QUEBEC
03DD005,MINISTERE DE L'ENVIRONNEMENT DU QUEBEC
03DD002,MINISTERE DE L'ENVIRONNEMENT DU QUEBEC
03DA001,MINISTERE DE L'ENVIRONNEMENT DU QUEBEC
03DC003,MINISTERE DE L'ENVIRONNEMENT DU QUEBEC
03DD001,MINISTERE DE L'ENVIRONNEMENT DU QUEBEC
03DE004,MINISTERE DE L'ENVIRONNEMENT DU QUEBEC
03LA002,MINISTERE DE L'ENVIRONNEMENT DU QUEBEC
03EE001,MINISTERE DE L'ENVIRONNEMENT DU QUEBEC
03EE003,MINISTERE DE L'ENVIRONNEMENT DU QUEBEC
03ED001,MINISTERE DE L'ENVIRONNEMENT DU QUEBEC
03ED002,MINISTERE DE L'ENVIRONNEMENT DU QUEBEC
03EC001,MINISTERE DE L'ENVIRONNEMENT DU QUEBEC
03EA001,MINISTERE DE L'ENVIRONNEMENT DU QUEBEC
03EA002,MINISTERE DE L'ENVIRONNEMENT DU QUEBEC
03EA004,MINISTERE DE L'ENVIRONNEMENT DU QUEBEC
03FC001,MINISTERE DE L'ENVIRONNEMENT DU QUEBEC
03FC002,MINISTERE DE L'ENVIRONNEMENT DU QUEBEC
03FC005,MINISTERE DE L'ENVIRONNEMENT DU QUEBEC
03FC008,MINISTERE DE L'ENVIRONNEMENT DU QUEBEC
03FC007,MINISTERE DE L'ENVIRONNEMENT DU QUEBEC
03FB004,MINISTERE DE L'ENVIRONNEMENT DU QUEBEC
03FB001,MINISTERE DE L'ENVIRONNEMENT DU QUEBEC
03FB002,MINISTERE DE L'ENVIRONNEMENT DU QUEBEC
03FA004,MINISTERE DE L'ENVIRONNEMENT DU QUEBEC
03FA002,MINISTERE DE L'ENVIRONNEMENT DU QUEBEC
03FA003,MINISTERE DE L'ENVIRONNEMENT DU QUEBEC
03GB001,MINISTERE DE L'ENVIRONNEMENT DU QUEBEC
03GC001,MINISTERE DE L'ENVIRONNEMENT DU QUEBEC
03GD001,MINISTERE DE L'ENVIRONNEMENT DU QUEBEC
03GD003,MINISTERE DE L'ENVIRONNEMENT DU QUEBEC
03HA009,MINISTERE DE L'ENVIRONNEMENT DU QUEBEC
03HB004,MINISTERE DE L'ENVIRONNEMENT DU QUEBEC
03HB001,MINISTERE DE L'ENVIRONNEMENT DU QUEBEC
03HB002,MINISTERE DE L'ENVIRONNEMENT DU QUEBEC
03HA016,MINISTERE DE L'ENVIRONNEMENT DU QUEBEC
03HA012,MINISTERE DE L'ENVIRONNEMENT DU QUEBEC
03JB001,MINISTERE DE L'ENVIRONNEMENT DU QUEBEC
03JA001,MINISTERE DE L'ENVIRONNEMENT DU QUEBEC
03JA002,MINISTERE DE L'ENVIRONNEMENT DU QUEBEC
03JB004,MINISTERE DE L'ENVIRONNEMENT DU QUEBEC
03KE001,MINISTERE DE L'ENVIRONNEMENT DU QUEBEC
03KC002,MINISTERE DE L'ENVIRONNEMENT DU QUEBEC
03KA001,MINISTERE DE L'ENVIRONNEMENT DU QUEBEC
03KC004,MINISTERE DE L'ENVIRONNEMENT DU QUEBEC
03LF002,MINISTERE DE L'ENVIRONNEMENT DU QUEBEC
03LE002,MINISTERE DE L'ENVIRONNEMENT DU QUEBEC
03LD006,MINISTERE DE L'ENVIRONNEMENT DU QUEBEC
03LA001,MINISTERE DE L'ENVIRONNEMENT DU QUEBEC
03LD004,MINISTERE DE L'ENVIRONNEMENT DU QUEBEC
03MB001,MINISTERE DE L'ENVIRONNEMENT DU QUEBEC
03MB002,MINISTERE DE L'ENVIRONNEMENT DU QUEBEC
03MC001,MINISTERE DE L'ENVIRONNEMENT DU QUEBEC
03ME002,MINISTERE DE L'ENVIRONNEMENT DU QUEBEC
03MD001,MINISTERE DE L'ENVIRONNEMENT DU QUEBEC
03MD002,MINISTERE DE L'ENVIRONNEMENT DU QUEBEC
02PE014,MINISTERE DE L'ENVIRONNEMENT DU QUEBEC
01AD012,MINISTERE DE L'ENVIRONNEMENT DU QUEBEC
01AD013,MINISTERE DE L'ENVIRONNEMENT DU QUEBEC
01BD001,MINISTERE DE L'ENVIRONNEMENT DU QUEBEC
01BG006,MINISTERE DE L'ENVIRONNEMENT DU QUEBEC
01BH003,MINISTERE DE L'ENVIRONNEMENT DU QUEBEC
01BH009,MINISTERE DE L'ENVIRONNEMENT DU QUEBEC
01BH011,MINISTERE DE L'ENVIRONNEMENT DU QUEBEC
02JE022,MINISTERE DE L'ENVIRONNEMENT DU QUEBEC
02LE014,MINISTERE DE L'ENVIRONNEMENT DU QUEBEC
02LE015,MINISTERE DE L'ENVIRONNEMENT DU QUEBEC
02LH006,MINISTERE DE L'ENVIRONNEMENT DU QUEBEC
02MC024,MINISTERE DE L'ENVIRONNEMENT DU QUEBEC
02MC025,MINISTERE DE L'ENVIRONNEMENT DU QUEBEC
02KA012,MINISTERE DE L'ENVIRONNEMENT DU QUEBEC
02KG005,MINISTERE DE L'ENVIRONNEMENT DU QUEBEC
02LC020,MINISTERE DE L'ENVIRONNEMENT DU QUEBEC
02LC023,MINISTERE DE L'ENVIRONNEMENT DU QUEBEC
02LC069,MINISTERE DE L'ENVIRONNEMENT DU QUEBEC
02NE001,MINISTERE DE L'ENVIRONNEMENT DU QUEBEC
02OA034,MINISTERE DE L'ENVIRONNEMENT DU QUEBEC
02OA038,MINISTERE DE L'ENVIRONNEMENT DU QUEBEC
02OA056,MINISTERE DE L'ENVIRONNEMENT DU QUEBEC
02OA061,MINISTERE DE L'ENVIRONNEMENT DU QUEBEC
02OA078,MINISTERE DE L'ENVIRONNEMENT DU QUEBEC
02OA079,MINISTERE DE L'ENVIRONNEMENT DU QUEBEC
02OA081,MINISTERE DE L'ENVIRONNEMENT DU QUEBEC
02OA082,MINISTERE DE L'ENVIRONNEMENT DU QUEBEC
02OA083,MINISTERE DE L'ENVIRONNEMENT DU QUEBEC
02OA085,MINISTERE DE L'ENVIRONNEMENT DU QUEBEC
02OA087,MINISTERE DE L'ENVIRONNEMENT DU QUEBEC
02OA090,MINISTERE DE L'ENVIRONNEMENT DU QUEBEC
02OA091,MINISTERE DE L'ENVIRONNEMENT DU QUEBEC
02OA096,MINISTERE DE L'ENVIRONNEMENT DU QUEBEC
02OB038,MINISTERE DE L'ENVIRONNEMENT DU QUEBEC
02OB039,MINISTERE DE L'ENVIRONNEMENT DU QUEBEC
02OB040,MINISTERE DE L'ENVIRONNEMENT DU QUEBEC
02OD013,MINISTERE DE L'ENVIRONNEMENT DU QUEBEC
02OD014,MINISTERE DE L'ENVIRONNEMENT DU QUEBEC
02OD015,MINISTERE DE L'ENVIRONNEMENT DU QUEBEC
02OE004,MINISTERE DE L'ENVIRONNEMENT DU QUEBEC
02OE028,MINISTERE DE L'ENVIRONNEMENT DU QUEBEC
02OE035,MINISTERE DE L'ENVIRONNEMENT DU QUEBEC
02OE037,MINISTERE DE L'ENVIRONNEMENT DU QUEBEC
02OE038,MINISTERE DE L'ENVIRONNEMENT DU QUEBEC
02OE051,MINISTERE DE L'ENVIRONNEMENT DU QUEBEC
02OE067,MINISTERE DE L'ENVIRONNEMENT DU QUEBEC
02OF028,MINISTERE DE L'ENVIRONNEMENT DU QUEBEC
02OG006,MINISTERE DE L'ENVIRONNEMENT DU QUEBEC
02OG012,MINISTERE DE L'ENVIRONNEMENT DU QUEBEC
02OG032,MINISTERE DE L'ENVIRONNEMENT DU QUEBEC
02OG033,MINISTERE DE L'ENVIRONNEMENT DU QUEBEC
02OG040,MINISTERE DE L'ENVIRONNEMENT DU QUEBEC
02OH006,MINISTERE DE L'ENVIRONNEMENT DU QUEBEC
02OH007,MINISTERE DE L'ENVIRONNEMENT DU QUEBEC
02OJ023,MINISTERE DE L'ENVIRONNEMENT DU QUEBEC
02OJ032,MINISTERE DE L'ENVIRONNEMENT DU QUEBEC
02OJ033,MINISTERE DE L'ENVIRONNEMENT DU QUEBEC
02PA002,MINISTERE DE L'ENVIRONNEMENT DU QUEBEC
02PB001,MINISTERE DE L'ENVIRONNEMENT DU QUEBEC
02PB024,MINISTERE DE L'ENVIRONNEMENT DU QUEBEC
02PB034,MINISTERE DE L'ENVIRONNEMENT DU QUEBEC
02PB037,MINISTERE DE L'ENVIRONNEMENT DU QUEBEC
02PD001,MINISTERE DE L'ENVIRONNEMENT DU QUEBEC
02PD011,MINISTERE DE L'ENVIRONNEMENT DU QUEBEC
02PE002,MINISTERE DE L'ENVIRONNEMENT DU QUEBEC
02PE003,MINISTERE DE L'ENVIRONNEMENT DU QUEBEC
02PE015,MINISTERE DE L'ENVIRONNEMENT DU QUEBEC
02PH007,MINISTERE DE L'ENVIRONNEMENT DU QUEBEC
02PH009,MINISTERE DE L'ENVIRONNEMENT DU QUEBEC
02PJ011,MINISTERE DE L'ENVIRONNEMENT DU QUEBEC
02PJ026,MINISTERE DE L'ENVIRONNEMENT DU QUEBEC
02PJ028,MINISTERE DE L'ENVIRONNEMENT DU QUEBEC
02PJ037,MINISTERE DE L'ENVIRONNEMENT DU QUEBEC
02PK004,MINISTERE DE L'ENVIRONNEMENT DU QUEBEC
02PL013,MINISTERE DE L'ENVIRONNEMENT DU QUEBEC
02QA011,MINISTERE DE L'ENVIRONNEMENT DU QUEBEC
02QA026,MINISTERE DE L'ENVIRONNEMENT DU QUEBEC
02QB007,MINISTERE DE L'ENVIRONNEMENT DU QUEBEC
02QC002,MINISTERE DE L'ENVIRONNEMENT DU QUEBEC
02QC003,MINISTERE DE L'ENVIRONNEMENT DU QUEBEC
02QC004,MINISTERE DE L'ENVIRONNEMENT DU QUEBEC
02QC007,MINISTERE DE L'ENVIRONNEMENT DU QUEBEC
02QC011,MINISTERE DE L'ENVIRONNEMENT DU QUEBEC
02QC012,MINISTERE DE L'ENVIRONNEMENT DU QUEBEC
02QC013,MINISTERE DE L'ENVIRONNEMENT DU QUEBEC
02RG011,MINISTERE DE L'ENVIRONNEMENT DU QUEBEC
02RG012,MINISTERE DE L'ENVIRONNEMENT DU QUEBEC
02RG018,MINISTERE DE L'ENVIRONNEMENT DU QUEBEC
02RH023,MINISTERE DE L'ENVIRONNEMENT DU QUEBEC
02RH046,MINISTERE DE L'ENVIRONNEMENT DU QUEBEC
02RH052,MINISTERE DE L'ENVIRONNEMENT DU QUEBEC
02RH053,MINISTERE DE L'ENVIRONNEMENT DU QUEBEC
02RH054,MINISTERE DE L'ENVIRONNEMENT DU QUEBEC
02RH056,MINISTERE DE L'ENVIRONNEMENT DU QUEBEC
02RH057,MINISTERE DE L'ENVIRONNEMENT DU QUEBEC
02RH059,MINISTERE DE L'ENVIRONNEMENT DU QUEBEC
02UA001,MINISTERE DE L'ENVIRONNEMENT DU QUEBEC
02UC004,MINISTERE DE L'ENVIRONNEMENT DU QUEBEC
02UC007,MINISTERE DE L'ENVIRONNEMENT DU QUEBEC
02VA002,MINISTERE DE L'ENVIRONNEMENT DU QUEBEC
02WD001,MINISTERE DE L'ENVIRONNEMENT DU QUEBEC
02WD002,MINISTERE DE L'ENVIRONNEMENT DU QUEBEC
02WD003,MINISTERE DE L'ENVIRONNEMENT DU QUEBEC
03AC009,MINISTERE DE L'ENVIRONNEMENT DU QUEBEC
03BB001,MINISTERE DE L'ENVIRONNEMENT DU QUEBEC
03CB002,MINISTERE DE L'ENVIRONNEMENT DU QUEBEC
03DB002,MINISTERE DE L'ENVIRONNEMENT DU QUEBEC
03DC005,MINISTERE DE L'ENVIRONNEMENT DU QUEBEC
03DD004,MINISTERE DE L'ENVIRONNEMENT DU QUEBEC
03DE003,MINISTERE DE L'ENVIRONNEMENT DU QUEBEC
03DE007,MINISTERE DE L'ENVIRONNEMENT DU QUEBEC
03ED003,MINISTERE DE L'ENVIRONNEMENT DU QUEBEC
03FC006,MINISTERE DE L'ENVIRONNEMENT DU QUEBEC
03HA001,MINISTERE DE L'ENVIRONNEMENT DU QUEBEC
03HA007,MINISTERE DE L'ENVIRONNEMENT DU QUEBEC
03HA015,MINISTERE DE L'ENVIRONNEMENT DU QUEBEC
03HB003,MINISTERE DE L'ENVIRONNEMENT DU QUEBEC
03HB005,MINISTERE DE L'ENVIRONNEMENT DU QUEBEC
04NA003,MINISTERE DE L'ENVIRONNEMENT DU QUEBEC
02MC030,WATER SURVEY OF CANADA (DOE) (CANADA)
02JE015,WATER SURVEY OF CANADA (DOE) (CANADA)
01AD003,WATER SURVEY OF CANADA (DOE) (CANADA)
01AD004,WATER SURVEY OF CANADA (DOE) (CANADA)
01AF002,WATER SURVEY OF CANADA (DOE) (CANADA)
01AF003,WATER SURVEY OF CANADA (DOE) (CANADA)
01AF007,WATER SURVEY OF CANADA (DOE) (CANADA)
01AF009,WATER SURVEY OF CANADA (DOE) (CANADA)
01AF011,WATER SURVEY OF CANADA (DOE) (CANADA)
01AG002,WATER SURVEY OF CANADA (DOE) (CANADA)
01AG003,WATER SURVEY OF CANADA (DOE) (CANADA)
01AH002,WATER SURVEY OF CANADA (DOE) (CANADA)
01AH003,WATER SURVEY OF CANADA (DOE) (CANADA)
01AJ001,WATER SURVEY OF CANADA (DOE) (CANADA)
01AJ003,WATER SURVEY OF CANADA (DOE) (CANADA)
01AJ004,WATER SURVEY OF CANADA (DOE) (CANADA)
01AJ009,WATER SURVEY OF CANADA (DOE) (CANADA)
01AJ010,WATER SURVEY OF CANADA (DOE) (CANADA)
01AJ011,WATER SURVEY OF CANADA (DOE) (CANADA)
01AJ013,WATER SURVEY OF CANADA (DOE) (CANADA)
01AK001,WATER SURVEY OF CANADA (DOE) (CANADA)
01AK004,WATER SURVEY OF CANADA (DOE) (CANADA)
01AK005,WATER SURVEY OF CANADA (DOE) (CANADA)
01AK006,WATER SURVEY OF CANADA (DOE) (CANADA)
01AK007,WATER SURVEY OF CANADA (DOE) (CANADA)
01AK008,WATER SURVEY OF CANADA (DOE) (CANADA)
01AL002,WATER SURVEY OF CANADA (DOE) (CANADA)
01AL003,WATER SURVEY OF CANADA (DOE) (CANADA)
01AL004,WATER SURVEY OF CANADA (DOE) (CANADA)
01AL008,WATER SURVEY OF CANADA (DOE) (CANADA)
01AM001,WATER SURVEY OF CANADA (DOE) (CANADA)
01AN001,WATER SURVEY OF CANADA (DOE) (CANADA)
01AN002,WATER SURVEY OF CANADA (DOE) (CANADA)
01AO009,WATER SURVEY OF CANADA (DOE) (CANADA)
01AP002,WATER SURVEY OF CANADA (DOE) (CANADA)
01AP004,WATER SURVEY OF CANADA (DOE) (CANADA)
01AP006,WATER SURVEY OF CANADA (DOE) (CANADA)
01AP009,WATER SURVEY OF CANADA (DOE) (CANADA)
01AQ001,WATER SURVEY OF CANADA (DOE) (CANADA)
01AQ002,WATER SURVEY OF CANADA (DOE) (CANADA)
01AQ008,WATER SURVEY OF CANADA (DOE) (CANADA)
01AR006,WATER SURVEY OF CANADA (DOE) (CANADA)
01AR012,WATER SURVEY OF CANADA (DOE) (CANADA)
01BC001,WATER SURVEY OF CANADA (DOE) (CANADA)
01BE001,WATER SURVEY OF CANADA (DOE) (CANADA)
01BJ001,WATER SURVEY OF CANADA (DOE) (CANADA)
01BJ003,WATER SURVEY OF CANADA (DOE) (CANADA)
01BJ007,WATER SURVEY OF CANADA (DOE) (CANADA)
01BJ009,WATER SURVEY OF CANADA (DOE) (CANADA)
01BJ010,WATER SURVEY OF CANADA (DOE) (CANADA)
01BJ011,WATER SURVEY OF CANADA (DOE) (CANADA)
01BJ012,WATER SURVEY OF CANADA (DOE) (CANADA)
01BL001,WATER SURVEY OF CANADA (DOE) (CANADA)
01BL002,WATER SURVEY OF CANADA (DOE) (CANADA)
01BL003,WATER SURVEY OF CANADA (DOE) (CANADA)
01BO001,WATER SURVEY OF CANADA (DOE) (CANADA)
01BO002,WATER SURVEY OF CANADA (DOE) (CANADA)
01BO003,WATER SURVEY OF CANADA (DOE) (CANADA)
01BO004,WATER SURVEY OF CANADA (DOE) (CANADA)
01BP001,WATER SURVEY OF CANADA (DOE) (CANADA)
01BP002,WATER SURVEY OF CANADA (DOE) (CANADA)
01BQ001,WATER SURVEY OF CANADA (DOE) (CANADA)
01BQ002,WATER SURVEY OF CANADA (DOE) (CANADA)
01BQ003,WATER SURVEY OF CANADA (DOE) (CANADA)
01BQ006,WATER SURVEY OF CANADA (DOE) (CANADA)
01BR001,WATER SURVEY OF CANADA (DOE) (CANADA)
01BS001,WATER SURVEY OF CANADA (DOE) (CANADA)
01BT001,WATER SURVEY OF CANADA (DOE) (CANADA)
01BU002,WATER SURVEY OF CANADA (DOE) (CANADA)
01BU003,WATER SURVEY OF CANADA (DOE) (CANADA)
01BU005,WATER SURVEY OF CANADA (DOE) (CANADA)
01BU006,WATER SURVEY OF CANADA (DOE) (CANADA)
01BU007,WATER SURVEY OF CANADA (DOE) (CANADA)
01BU008,WATER SURVEY OF CANADA (DOE) (CANADA)
01BU009,WATER SURVEY OF CANADA (DOE) (CANADA)
01BV004,WATER SURVEY OF CANADA (DOE) (CANADA)
01BV006,WATER SURVEY OF CANADA (DOE) (CANADA)
01BV010,WATER SURVEY OF CANADA (DOE) (CANADA)
02AB006,WATER SURVEY OF CANADA (DOE) (CANADA)
02AB008,WATER SURVEY OF CANADA (DOE) (CANADA)
02AB009,WATER SURVEY OF CANADA (DOE) (CANADA)
02AB014,WATER SURVEY OF CANADA (DOE) (CANADA)
02AB017,WATER SURVEY OF CANADA (DOE) (CANADA)
02AB019,WATER SURVEY OF CANADA (DOE) (CANADA)
02AB020,WATER SURVEY OF CANADA (DOE) (CANADA)
02AB021,WATER SURVEY OF CANADA (DOE) (CANADA)
02AB022,WATER SURVEY OF CANADA (DOE) (CANADA)
02AB023,WATER SURVEY OF CANADA (DOE) (CANADA)
02AB025,WATER SURVEY OF CANADA (DOE) (CANADA)
02AC001,WATER SURVEY OF CANADA (DOE) (CANADA)
02AC002,WATER SURVEY OF CANADA (DOE) (CANADA)
02AD010,WATER SURVEY OF CANADA (DOE) (CANADA)
02AD012,WATER SURVEY OF CANADA (DOE) (CANADA)
02AE001,WATER SURVEY OF CANADA (DOE) (CANADA)
02BA002,WATER SURVEY OF CANADA (DOE) (CANADA)
02BA003,WATER SURVEY OF CANADA (DOE) (CANADA)
02BA005,WATER SURVEY OF CANADA (DOE) (CANADA)
02BA006,WATER SURVEY OF CANADA (DOE) (CANADA)
02BB002,WATER SURVEY OF CANADA (DOE) (CANADA)
02BB003,WATER SURVEY OF CANADA (DOE) (CANADA)
02BB004,WATER SURVEY OF CANADA (DOE) (CANADA)
02BC004,WATER SURVEY OF CANADA (DOE) (CANADA)
02BC005,WATER SURVEY OF CANADA (DOE) (CANADA)
02BD006,WATER SURVEY OF CANADA (DOE) (CANADA)
02BD007,WATER SURVEY OF CANADA (DOE) (CANADA)
02BF001,WATER SURVEY OF CANADA (DOE) (CANADA)
02BF002,WATER SURVEY OF CANADA (DOE) (CANADA)
02BF004,WATER SURVEY OF CANADA (DOE) (CANADA)
02BF005,WATER SURVEY OF CANADA (DOE) (CANADA)
02BF006,WATER SURVEY OF CANADA (DOE) (CANADA)
02BF007,WATER SURVEY OF CANADA (DOE) (CANADA)
02BF008,WATER SURVEY OF CANADA (DOE) (CANADA)
02BF009,WATER SURVEY OF CANADA (DOE) (CANADA)
02BF012,WATER SURVEY OF CANADA (DOE) (CANADA)
02BF013,WATER SURVEY OF CANADA (DOE) (CANADA)
02BF014,WATER SURVEY OF CANADA (DOE) (CANADA)
02CA002,WATER SURVEY OF CANADA (DOE) (CANADA)
02CA007,WATER SURVEY OF CANADA (DOE) (CANADA)
02CB003,WATER SURVEY OF CANADA (DOE) (CANADA)
02CC005,WATER SURVEY OF CANADA (DOE) (CANADA)
02CC008,WATER SURVEY OF CANADA (DOE) (CANADA)
02CC010,WATER SURVEY OF CANADA (DOE) (CANADA)
02CD001,WATER SURVEY OF CANADA (DOE) (CANADA)
02CD002,WATER SURVEY OF CANADA (DOE) (CANADA)
02CD003,WATER SURVEY OF CANADA (DOE) (CANADA)
02CD004,WATER SURVEY OF CANADA (DOE) (CANADA)
02CD006,WATER SURVEY OF CANADA (DOE) (CANADA)
02CE002,WATER SURVEY OF CANADA (DOE) (CANADA)
02CE007,WATER SURVEY OF CANADA (DOE) (CANADA)
02CF005,WATER SURVEY OF CANADA (DOE) (CANADA)
02CF007,WATER SURVEY OF CANADA (DOE) (CANADA)
02CF008,WATER SURVEY OF CANADA (DOE) (CANADA)
02CF009,WATER SURVEY OF CANADA (DOE) (CANADA)
02CF010,WATER SURVEY OF CANADA (DOE) (CANADA)
02CF011,WATER SURVEY OF CANADA (DOE) (CANADA)
02CF012,WATER SURVEY OF CANADA (DOE) (CANADA)
02CF013,WATER SURVEY OF CANADA (DOE) (CANADA)
02CG003,WATER SURVEY OF CANADA (DOE) (CANADA)
02DB005,WATER SURVEY OF CANADA (DOE) (CANADA)
02DB007,WATER SURVEY OF CANADA (DOE) (CANADA)
02DC004,WATER SURVEY OF CANADA (DOE) (CANADA)
02DC012,WATER SURVEY OF CANADA (DOE) (CANADA)
02DD007,WATER SURVEY OF CANADA (DOE) (CANADA)
02DD010,WATER SURVEY OF CANADA (DOE) (CANADA)
02DD012,WATER SURVEY OF CANADA (DOE) (CANADA)
02DD013,WATER SURVEY OF CANADA (DOE) (CANADA)
02DD014,WATER SURVEY OF CANADA (DOE) (CANADA)
02DD015,WATER SURVEY OF CANADA (DOE) (CANADA)
02DD016,WATER SURVEY OF CANADA (DOE) (CANADA)
02DD017,WATER SURVEY OF CANADA (DOE) (CANADA)
02DD024,WATER SURVEY OF CANADA (DOE) (CANADA)
02DD026,WATER SURVEY OF CANADA (DOE) (CANADA)
02EA005,WATER SURVEY OF CANADA (DOE) (CANADA)
02EA006,WATER SURVEY OF CANADA (DOE) (CANADA)
02EA010,WATER SURVEY OF CANADA (DOE) (CANADA)
02EA011,WATER SURVEY OF CANADA (DOE) (CANADA)
02EA018,WATER SURVEY OF CANADA (DOE) (CANADA)
02EA021,WATER SURVEY OF CANADA (DOE) (CANADA)
02EB004,WATER SURVEY OF CANADA (DOE) (CANADA)
02EB006,WATER SURVEY OF CANADA (DOE) (CANADA)
02EB008,WATER SURVEY OF CANADA (DOE) (CANADA)
02EB011,WATER SURVEY OF CANADA (DOE) (CANADA)
02EB012,WATER SURVEY OF CANADA (DOE) (CANADA)
02EB013,WATER SURVEY OF CANADA (DOE) (CANADA)
02EB014,WATER SURVEY OF CANADA (DOE) (CANADA)
02EC002,WATER SURVEY OF CANADA (DOE) (CANADA)
02EC004,WATER SURVEY OF CANADA (DOE) (CANADA)
02EC005,WATER SURVEY OF CANADA (DOE) (CANADA)
02EC006,WATER SURVEY OF CANADA (DOE) (CANADA)
02EC007,WATER SURVEY OF CANADA (DOE) (CANADA)
02EC008,WATER SURVEY OF CANADA (DOE) (CANADA)
02EC009,WATER SURVEY OF CANADA (DOE) (CANADA)
02EC010,WATER SURVEY OF CANADA (DOE) (CANADA)
02EC011,WATER SURVEY OF CANADA (DOE) (CANADA)
02EC013,WATER SURVEY OF CANADA (DOE) (CANADA)
02EC014,WATER SURVEY OF CANADA (DOE) (CANADA)
02EC017,WATER SURVEY OF CANADA (DOE) (CANADA)
02EC018,WATER SURVEY OF CANADA (DOE) (CANADA)
02EC019,WATER SURVEY OF CANADA (DOE) (CANADA)
02EC020,WATER SURVEY OF CANADA (DOE) (CANADA)
02EC101,WATER SURVEY OF CANADA (DOE) (CANADA)
02EC918,WATER SURVEY OF CANADA (DOE) (CANADA)
02ED003,WATER SURVEY OF CANADA (DOE) (CANADA)
02ED007,WATER SURVEY OF CANADA (DOE) (CANADA)
02ED009,WATER SURVEY OF CANADA (DOE) (CANADA)
02ED010,WATER SURVEY OF CANADA (DOE) (CANADA)
02ED013,WATER SURVEY OF CANADA (DOE) (CANADA)
02ED014,WATER SURVEY OF CANADA (DOE) (CANADA)
02ED015,WATER SURVEY OF CANADA (DOE) (CANADA)
02ED016,WATER SURVEY OF CANADA (DOE) (CANADA)
02ED017,WATER SURVEY OF CANADA (DOE) (CANADA)
02ED018,WATER SURVEY OF CANADA (DOE) (CANADA)
02ED019,WATER SURVEY OF CANADA (DOE) (CANADA)
02ED024,WATER SURVEY OF CANADA (DOE) (CANADA)
02ED025,WATER SURVEY OF CANADA (DOE) (CANADA)
02ED026,WATER SURVEY OF CANADA (DOE) (CANADA)
02ED027,WATER SURVEY OF CANADA (DOE) (CANADA)
02ED028,WATER SURVEY OF CANADA (DOE) (CANADA)
02ED029,WATER SURVEY OF CANADA (DOE) (CANADA)
02ED030,WATER SURVEY OF CANADA (DOE) (CANADA)
02ED032,WATER SURVEY OF CANADA (DOE) (CANADA)
02ED100,WATER SURVEY OF CANADA (DOE) (CANADA)
02ED101,WATER SURVEY OF CANADA (DOE) (CANADA)
02ED102,WATER SURVEY OF CANADA (DOE) (CANADA)
02FA001,WATER SURVEY OF CANADA (DOE) (CANADA)
02FA002,WATER SURVEY OF CANADA (DOE) (CANADA)
02FA004,WATER SURVEY OF CANADA (DOE) (CANADA)
02FB007,WATER SURVEY OF CANADA (DOE) (CANADA)
02FB009,WATER SURVEY OF CANADA (DOE) (CANADA)
02FB010,WATER SURVEY OF CANADA (DOE) (CANADA)
02FC001,WATER SURVEY OF CANADA (DOE) (CANADA)
02FC002,WATER SURVEY OF CANADA (DOE) (CANADA)
02FC004,WATER SURVEY OF CANADA (DOE) (CANADA)
02FC005,WATER SURVEY OF CANADA (DOE) (CANADA)
02FC011,WATER SURVEY OF CANADA (DOE) (CANADA)
02FC012,WATER SURVEY OF CANADA (DOE) (CANADA)
02FC015,WATER SURVEY OF CANADA (DOE) (CANADA)
02FC016,WATER SURVEY OF CANADA (DOE) (CANADA)
02FC017,WATER SURVEY OF CANADA (DOE) (CANADA)
02FC018,WATER SURVEY OF CANADA (DOE) (CANADA)
02FC019,WATER SURVEY OF CANADA (DOE) (CANADA)
02FD001,WATER SURVEY OF CANADA (DOE) (CANADA)
02FD002,WATER SURVEY OF CANADA (DOE) (CANADA)
02FD003,WATER SURVEY OF CANADA (DOE) (CANADA)
02FE002,WATER SURVEY OF CANADA (DOE) (CANADA)
02FE003,WATER SURVEY OF CANADA (DOE) (CANADA)
02FE005,WATER SURVEY OF CANADA (DOE) (CANADA)
02FE007,WATER SURVEY OF CANADA (DOE) (CANADA)
02FE008,WATER SURVEY OF CANADA (DOE) (CANADA)
02FE009,WATER SURVEY OF CANADA (DOE) (CANADA)
02FE010,WATER SURVEY OF CANADA (DOE) (CANADA)
02FE011,WATER SURVEY OF CANADA (DOE) (CANADA)
02FE013,WATER SURVEY OF CANADA (DOE) (CANADA)
02FE014,WATER SURVEY OF CANADA (DOE) (CANADA)
02FE015,WATER SURVEY OF CANADA (DOE) (CANADA)
02FF002,WATER SURVEY OF CANADA (DOE) (CANADA)
02FF004,WATER SURVEY OF CANADA (DOE) (CANADA)
02FF007,WATER SURVEY OF CANADA (DOE) (CANADA)
02FF008,WATER SURVEY OF CANADA (DOE) (CANADA)
02FF009,WATER SURVEY OF CANADA (DOE) (CANADA)
02FF011,WATER SURVEY OF CANADA (DOE) (CANADA)
02FF012,WATER SURVEY OF CANADA (DOE) (CANADA)
02GA003,WATER SURVEY OF CANADA (DOE) (CANADA)
02GA005,WATER SURVEY OF CANADA (DOE) (CANADA)
02GA006,WATER SURVEY OF CANADA (DOE) (CANADA)
02GA010,WATER SURVEY OF CANADA (DOE) (CANADA)
02GA014,WATER SURVEY OF CANADA (DOE) (CANADA)
02GA015,WATER SURVEY OF CANADA (DOE) (CANADA)
02GA016,WATER SURVEY OF CANADA (DOE) (CANADA)
02GA018,WATER SURVEY OF CANADA (DOE) (CANADA)
02GA023,WATER SURVEY OF CANADA (DOE) (CANADA)
02GA024,WATER SURVEY OF CANADA (DOE) (CANADA)
02GA028,WATER SURVEY OF CANADA (DOE) (CANADA)
02GA029,WATER SURVEY OF CANADA (DOE) (CANADA)
02GA030,WATER SURVEY OF CANADA (DOE) (CANADA)
02GA031,WATER SURVEY OF CANADA (DOE) (CANADA)
02GA034,WATER SURVEY OF CANADA (DOE) (CANADA)
02GA037,WATER SURVEY OF CANADA (DOE) (CANADA)
02JE002,WATER SURVEY OF CANADA (DOE) (CANADA)
02JE019,WATER SURVEY OF CANADA (DOE) (CANADA)
02JE020,WATER SURVEY OF CANADA (DOE) (CANADA)
02JE027,WATER SURVEY OF CANADA (DOE) (CANADA)
02JE028,WATER SURVEY OF CANADA (DOE) (CANADA)
02GA038,WATER SURVEY OF CANADA (DOE) (CANADA)
02GA039,WATER SURVEY OF CANADA (DOE) (CANADA)
02GA040,WATER SURVEY OF CANADA (DOE) (CANADA)
02GA041,WATER SURVEY OF CANADA (DOE) (CANADA)
02GA042,WATER SURVEY OF CANADA (DOE) (CANADA)
02GA043,WATER SURVEY OF CANADA (DOE) (CANADA)
02GA044,WATER SURVEY OF CANADA (DOE) (CANADA)
02GA045,WATER SURVEY OF CANADA (DOE) (CANADA)
02GA046,WATER SURVEY OF CANADA (DOE) (CANADA)
02GA047,WATER SURVEY OF CANADA (DOE) (CANADA)
02GB001,WATER SURVEY OF CANADA (DOE) (CANADA)
02GB006,WATER SURVEY OF CANADA (DOE) (CANADA)
02GB007,WATER SURVEY OF CANADA (DOE) (CANADA)
02GB008,WATER SURVEY OF CANADA (DOE) (CANADA)
02GB010,WATER SURVEY OF CANADA (DOE) (CANADA)
02GC002,WATER SURVEY OF CANADA (DOE) (CANADA)
02GC006,WATER SURVEY OF CANADA (DOE) (CANADA)
02GC007,WATER SURVEY OF CANADA (DOE) (CANADA)
02GC008,WATER SURVEY OF CANADA (DOE) (CANADA)
02GC010,WATER SURVEY OF CANADA (DOE) (CANADA)
02GC011,WATER SURVEY OF CANADA (DOE) (CANADA)
02GC014,WATER SURVEY OF CANADA (DOE) (CANADA)
02GC015,WATER SURVEY OF CANADA (DOE) (CANADA)
02GC017,WATER SURVEY OF CANADA (DOE) (CANADA)
02GC018,WATER SURVEY OF CANADA (DOE) (CANADA)
02GC021,WATER SURVEY OF CANADA (DOE) (CANADA)
02GC022,WATER SURVEY OF CANADA (DOE) (CANADA)
02GC026,WATER SURVEY OF CANADA (DOE) (CANADA)
02GC029,WATER SURVEY OF CANADA (DOE) (CANADA)
02GC030,WATER SURVEY OF CANADA (DOE) (CANADA)
02GC031,WATER SURVEY OF CANADA (DOE) (CANADA)
02GC032,WATER SURVEY OF CANADA (DOE) (CANADA)
02GC033,WATER SURVEY OF CANADA (DOE) (CANADA)
02GC034,WATER SURVEY OF CANADA (DOE) (CANADA)
02GC036,WATER SURVEY OF CANADA (DOE) (CANADA)
02GC037,WATER SURVEY OF CANADA (DOE) (CANADA)
02GC038,WATER SURVEY OF CANADA (DOE) (CANADA)
02GD001,WATER SURVEY OF CANADA (DOE) (CANADA)
02GD003,WATER SURVEY OF CANADA (DOE) (CANADA)
02GD004,WATER SURVEY OF CANADA (DOE) (CANADA)
02GD005,WATER SURVEY OF CANADA (DOE) (CANADA)
02GD008,WATER SURVEY OF CANADA (DOE) (CANADA)
02GD009,WATER SURVEY OF CANADA (DOE) (CANADA)
02GD010,WATER SURVEY OF CANADA (DOE) (CANADA)
02GD011,WATER SURVEY OF CANADA (DOE) (CANADA)
02GD012,WATER SURVEY OF CANADA (DOE) (CANADA)
02GD014,WATER SURVEY OF CANADA (DOE) (CANADA)
02GD015,WATER SURVEY OF CANADA (DOE) (CANADA)
02GD016,WATER SURVEY OF CANADA (DOE) (CANADA)
02GD018,WATER SURVEY OF CANADA (DOE) (CANADA)
02GD019,WATER SURVEY OF CANADA (DOE) (CANADA)
02GD020,WATER SURVEY OF CANADA (DOE) (CANADA)
02GD021,WATER SURVEY OF CANADA (DOE) (CANADA)
02GD022,WATER SURVEY OF CANADA (DOE) (CANADA)
02GD023,WATER SURVEY OF CANADA (DOE) (CANADA)
02GD024,WATER SURVEY OF CANADA (DOE) (CANADA)
02GD025,WATER SURVEY OF CANADA (DOE) (CANADA)
02GD026,WATER SURVEY OF CANADA (DOE) (CANADA)
02GD027,WATER SURVEY OF CANADA (DOE) (CANADA)
02GD028,WATER SURVEY OF CANADA (DOE) (CANADA)
02GE002,WATER SURVEY OF CANADA (DOE) (CANADA)
02GE003,WATER SURVEY OF CANADA (DOE) (CANADA)
02GE005,WATER SURVEY OF CANADA (DOE) (CANADA)
02GE006,WATER SURVEY OF CANADA (DOE) (CANADA)
02GE007,WATER SURVEY OF CANADA (DOE) (CANADA)
02GE008,WATER SURVEY OF CANADA (DOE) (CANADA)
02GG002,WATER SURVEY OF CANADA (DOE) (CANADA)
02GG003,WATER SURVEY OF CANADA (DOE) (CANADA)
02GG005,WATER SURVEY OF CANADA (DOE) (CANADA)
02GG006,WATER SURVEY OF CANADA (DOE) (CANADA)
02GG009,WATER SURVEY OF CANADA (DOE) (CANADA)
02GG013,WATER SURVEY OF CANADA (DOE) (CANADA)
02GH001,WATER SURVEY OF CANADA (DOE) (CANADA)
02GH002,WATER SURVEY OF CANADA (DOE) (CANADA)
02GH003,WATER SURVEY OF CANADA (DOE) (CANADA)
02GH004,WATER SURVEY OF CANADA (DOE) (CANADA)
02GH011,WATER SURVEY OF CANADA (DOE) (CANADA)
02GH013,WATER SURVEY OF CANADA (DOE) (CANADA)
02GH014,WATER SURVEY OF CANADA (DOE) (CANADA)
02HA006,WATER SURVEY OF CANADA (DOE) (CANADA)
02HA007,WATER SURVEY OF CANADA (DOE) (CANADA)
02HA013,WATER SURVEY OF CANADA (DOE) (CANADA)
02HA014,WATER SURVEY OF CANADA (DOE) (CANADA)
02HA020,WATER SURVEY OF CANADA (DOE) (CANADA)
02HA022,WATER SURVEY OF CANADA (DOE) (CANADA)
02HA023,WATER SURVEY OF CANADA (DOE) (CANADA)
02HA024,WATER SURVEY OF CANADA (DOE) (CANADA)
02HA026,WATER SURVEY OF CANADA (DOE) (CANADA)
02HA027,WATER SURVEY OF CANADA (DOE) (CANADA)
02HA029,WATER SURVEY OF CANADA (DOE) (CANADA)
02HA030,WATER SURVEY OF CANADA (DOE) (CANADA)
02HA031,WATER SURVEY OF CANADA (DOE) (CANADA)
02HB001,WATER SURVEY OF CANADA (DOE) (CANADA)
02HB002,WATER SURVEY OF CANADA (DOE) (CANADA)
02HB004,WATER SURVEY OF CANADA (DOE) (CANADA)
02HB005,WATER SURVEY OF CANADA (DOE) (CANADA)
02HB007,WATER SURVEY OF CANADA (DOE) (CANADA)
02HB008,WATER SURVEY OF CANADA (DOE) (CANADA)
02HB011,WATER SURVEY OF CANADA (DOE) (CANADA)
02HB012,WATER SURVEY OF CANADA (DOE) (CANADA)
02HB013,WATER SURVEY OF CANADA (DOE) (CANADA)
02HB015,WATER SURVEY OF CANADA (DOE) (CANADA)
02HB018,WATER SURVEY OF CANADA (DOE) (CANADA)
02HB020,WATER SURVEY OF CANADA (DOE) (CANADA)
02HB021,WATER SURVEY OF CANADA (DOE) (CANADA)
02HB022,WATER SURVEY OF CANADA (DOE) (CANADA)
02HB023,WATER SURVEY OF CANADA (DOE) (CANADA)
02HB024,WATER SURVEY OF CANADA (DOE) (CANADA)
02HB025,WATER SURVEY OF CANADA (DOE) (CANADA)
02HB027,WATER SURVEY OF CANADA (DOE) (CANADA)
02HB028,WATER SURVEY OF CANADA (DOE) (CANADA)
02HB029,WATER SURVEY OF CANADA (DOE) (CANADA)
02HB030,WATER SURVEY OF CANADA (DOE) (CANADA)
02HB031,WATER SURVEY OF CANADA (DOE) (CANADA)
02HB032,WATER SURVEY OF CANADA (DOE) (CANADA)
02HC003,WATER SURVEY OF CANADA (DOE) (CANADA)
02HC005,WATER SURVEY OF CANADA (DOE) (CANADA)
02HC009,WATER SURVEY OF CANADA (DOE) (CANADA)
02HC013,WATER SURVEY OF CANADA (DOE) (CANADA)
02HC017,WATER SURVEY OF CANADA (DOE) (CANADA)
02HC018,WATER SURVEY OF CANADA (DOE) (CANADA)
02HC019,WATER SURVEY OF CANADA (DOE) (CANADA)
02HC022,WATER SURVEY OF CANADA (DOE) (CANADA)
02HC023,WATER SURVEY OF CANADA (DOE) (CANADA)
02HC024,WATER SURVEY OF CANADA (DOE) (CANADA)
02HC025,WATER SURVEY OF CANADA (DOE) (CANADA)
02HC027,WATER SURVEY OF CANADA (DOE) (CANADA)
02HC028,WATER SURVEY OF CANADA (DOE) (CANADA)
02HC029,WATER SURVEY OF CANADA (DOE) (CANADA)
02HC030,WATER SURVEY OF CANADA (DOE) (CANADA)
02HC031,WATER SURVEY OF CANADA (DOE) (CANADA)
02HC032,WATER SURVEY OF CANADA (DOE) (CANADA)
02HC033,WATER SURVEY OF CANADA (DOE) (CANADA)
02HC038,WATER SURVEY OF CANADA (DOE) (CANADA)
02HC039,WATER SURVEY OF CANADA (DOE) (CANADA)
02HC047,WATER SURVEY OF CANADA (DOE) (CANADA)
02HC049,WATER SURVEY OF CANADA (DOE) (CANADA)
02HC050,WATER SURVEY OF CANADA (DOE) (CANADA)
02HC051,WATER SURVEY OF CANADA (DOE) (CANADA)
02HC053,WATER SURVEY OF CANADA (DOE) (CANADA)
02HC054,WATER SURVEY OF CANADA (DOE) (CANADA)
02HC055,WATER SURVEY OF CANADA (DOE) (CANADA)
02HC056,WATER SURVEY OF CANADA (DOE) (CANADA)
02HC057,WATER SURVEY OF CANADA (DOE) (CANADA)
02HC058,WATER SURVEY OF CANADA (DOE) (CANADA)
02HC059,WATER SURVEY OF CANADA (DOE) (CANADA)
02HD003,WATER SURVEY OF CANADA (DOE) (CANADA)
02HD004,WATER SURVEY OF CANADA (DOE) (CANADA)
02HD006,WATER SURVEY OF CANADA (DOE) (CANADA)
02HD008,WATER SURVEY OF CANADA (DOE) (CANADA)
02HD009,WATER SURVEY OF CANADA (DOE) (CANADA)
02HD010,WATER SURVEY OF CANADA (DOE) (CANADA)
02HD012,WATER SURVEY OF CANADA (DOE) (CANADA)
02HD013,WATER SURVEY OF CANADA (DOE) (CANADA)
02HD014,WATER SURVEY OF CANADA (DOE) (CANADA)
02HD018,WATER SURVEY OF CANADA (DOE) (CANADA)
02HD019,WATER SURVEY OF CANADA (DOE) (CANADA)
02HD020,WATER SURVEY OF CANADA (DOE) (CANADA)
02HD021,WATER SURVEY OF CANADA (DOE) (CANADA)
02HD022,WATER SURVEY OF CANADA (DOE) (CANADA)
02HD023,WATER SURVEY OF CANADA (DOE) (CANADA)
02HD024,WATER SURVEY OF CANADA (DOE) (CANADA)
02HE001,WATER SURVEY OF CANADA (DOE) (CANADA)
02HE002,WATER SURVEY OF CANADA (DOE) (CANADA)
02HE004,WATER SURVEY OF CANADA (DOE) (CANADA)
02HF002,WATER SURVEY OF CANADA (DOE) (CANADA)
02HF003,WATER SURVEY OF CANADA (DOE) (CANADA)
02HF004,WATER SURVEY OF CANADA (DOE) (CANADA)
02HG001,WATER SURVEY OF CANADA (DOE) (CANADA)
02HG002,WATER SURVEY OF CANADA (DOE) (CANADA)
02HG003,WATER SURVEY OF CANADA (DOE) (CANADA)
02HH001,WATER SURVEY OF CANADA (DOE) (CANADA)
02HH002,WATER SURVEY OF CANADA (DOE) (CANADA)
02HH003,WATER SURVEY OF CANADA (DOE) (CANADA)
02HH004,WATER SURVEY OF CANADA (DOE) (CANADA)
02HJ001,WATER SURVEY OF CANADA (DOE) (CANADA)
02HJ002,WATER SURVEY OF CANADA (DOE) (CANADA)
02HJ003,WATER SURVEY OF CANADA (DOE) (CANADA)
02HJ005,WATER SURVEY OF CANADA (DOE) (CANADA)
02HJ006,WATER SURVEY OF CANADA (DOE) (CANADA)
02HJ007,WATER SURVEY OF CANADA (DOE) (CANADA)
02HJ008,WATER SURVEY OF CANADA (DOE) (CANADA)
02HK002,WATER SURVEY OF CANADA (DOE) (CANADA)
02HK003,WATER SURVEY OF CANADA (DOE) (CANADA)
02HK004,WATER SURVEY OF CANADA (DOE) (CANADA)
02HK005,WATER SURVEY OF CANADA (DOE) (CANADA)
02HK006,WATER SURVEY OF CANADA (DOE) (CANADA)
02HK007,WATER SURVEY OF CANADA (DOE) (CANADA)
02HK008,WATER SURVEY OF CANADA (DOE) (CANADA)
02HK009,WATER SURVEY OF CANADA (DOE) (CANADA)
02HK010,WATER SURVEY OF CANADA (DOE) (CANADA)
02HK011,WATER SURVEY OF CANADA (DOE) (CANADA)
02HK012,WATER SURVEY OF CANADA (DOE) (CANADA)
02HK014,WATER SURVEY OF CANADA (DOE) (CANADA)
02HK015,WATER SURVEY OF CANADA (DOE) (CANADA)
02HK016,WATER SURVEY OF CANADA (DOE) (CANADA)
02HK017,WATER SURVEY OF CANADA (DOE) (CANADA)
02HK902,WATER SURVEY OF CANADA (DOE) (CANADA)
02HL001,WATER SURVEY OF CANADA (DOE) (CANADA)
02HL003,WATER SURVEY OF CANADA (DOE) (CANADA)
02HL004,WATER SURVEY OF CANADA (DOE) (CANADA)
02HL005,WATER SURVEY OF CANADA (DOE) (CANADA)
02HL006,WATER SURVEY OF CANADA (DOE) (CANADA)
02HL007,WATER SURVEY OF CANADA (DOE) (CANADA)
02HL008,WATER SURVEY OF CANADA (DOE) (CANADA)
02HM002,WATER SURVEY OF CANADA (DOE) (CANADA)
02HM003,WATER SURVEY OF CANADA (DOE) (CANADA)
02HM004,WATER SURVEY OF CANADA (DOE) (CANADA)
02HM005,WATER SURVEY OF CANADA (DOE) (CANADA)
02HM006,WATER SURVEY OF CANADA (DOE) (CANADA)
02HM007,WATER SURVEY OF CANADA (DOE) (CANADA)
02HM009,WATER SURVEY OF CANADA (DOE) (CANADA)
02HM010,WATER SURVEY OF CANADA (DOE) (CANADA)
02HM011,WATER SURVEY OF CANADA (DOE) (CANADA)
02JC008,WATER SURVEY OF CANADA (DOE) (CANADA)
02JD009,WATER SURVEY OF CANADA (DOE) (CANADA)
02MA001,WATER SURVEY OF CANADA (DOE) (CANADA)
02MA002,WATER SURVEY OF CANADA (DOE) (CANADA)
02MB006,WATER SURVEY OF CANADA (DOE) (CANADA)
02MB010,WATER SURVEY OF CANADA (DOE) (CANADA)
02MC001,WATER SURVEY OF CANADA (DOE) (CANADA)
02MC009,WATER SURVEY OF CANADA (DOE) (CANADA)
02MC026,WATER SURVEY OF CANADA (DOE) (CANADA)
02MC027,WATER SURVEY OF CANADA (DOE) (CANADA)
02MC028,WATER SURVEY OF CANADA (DOE) (CANADA)
02MC036,WATER SURVEY OF CANADA (DOE) (CANADA)
02KA003,WATER SURVEY OF CANADA (DOE) (CANADA)
02KA015,WATER SURVEY OF CANADA (DOE) (CANADA)
02KB001,WATER SURVEY OF CANADA (DOE) (CANADA)
02KC009,WATER SURVEY OF CANADA (DOE) (CANADA)
02KC015,WATER SURVEY OF CANADA (DOE) (CANADA)
02KC018,WATER SURVEY OF CANADA (DOE) (CANADA)
02KD002,WATER SURVEY OF CANADA (DOE) (CANADA)
02KD004,WATER SURVEY OF CANADA (DOE) (CANADA)
02KF001,WATER SURVEY OF CANADA (DOE) (CANADA)
02KF005,WATER SURVEY OF CANADA (DOE) (CANADA)
02KF006,WATER SURVEY OF CANADA (DOE) (CANADA)
02KF010,WATER SURVEY OF CANADA (DOE) (CANADA)
02KF011,WATER SURVEY OF CANADA (DOE) (CANADA)
02KF012,WATER SURVEY OF CANADA (DOE) (CANADA)
02KF013,WATER SURVEY OF CANADA (DOE) (CANADA)
02KF014,WATER SURVEY OF CANADA (DOE) (CANADA)
02KF015,WATER SURVEY OF CANADA (DOE) (CANADA)
02KF016,WATER SURVEY OF CANADA (DOE) (CANADA)
02KF017,WATER SURVEY OF CANADA (DOE) (CANADA)
02KF018,WATER SURVEY OF CANADA (DOE) (CANADA)
02KF019,WATER SURVEY OF CANADA (DOE) (CANADA)
02LA004,WATER SURVEY OF CANADA (DOE) (CANADA)
02LA005,WATER SURVEY OF CANADA (DOE) (CANADA)
02LA006,WATER SURVEY OF CANADA (DOE) (CANADA)
02LA007,WATER SURVEY OF CANADA (DOE) (CANADA)
02LA011,WATER SURVEY OF CANADA (DOE) (CANADA)
02LA012,WATER SURVEY OF CANADA (DOE) (CANADA)
02LA017,WATER SURVEY OF CANADA (DOE) (CANADA)
02LA024,WATER SURVEY OF CANADA (DOE) (CANADA)
02LB005,WATER SURVEY OF CANADA (DOE) (CANADA)
02LB006,WATER SURVEY OF CANADA (DOE) (CANADA)
02LB007,WATER SURVEY OF CANADA (DOE) (CANADA)
02LB008,WATER SURVEY OF CANADA (DOE) (CANADA)
02LB009,WATER SURVEY OF CANADA (DOE) (CANADA)
02LB012,WATER SURVEY OF CANADA (DOE) (CANADA)
02LB013,WATER SURVEY OF CANADA (DOE) (CANADA)
02LB017,WATER SURVEY OF CANADA (DOE) (CANADA)
02LB018,WATER SURVEY OF CANADA (DOE) (CANADA)
02LB020,WATER SURVEY OF CANADA (DOE) (CANADA)
02LB022,WATER SURVEY OF CANADA (DOE) (CANADA)
02LB027,WATER SURVEY OF CANADA (DOE) (CANADA)
02LB028,WATER SURVEY OF CANADA (DOE) (CANADA)
02LB030,WATER SURVEY OF CANADA (DOE) (CANADA)
02LB031,WATER SURVEY OF CANADA (DOE) (CANADA)
02LB032,WATER SURVEY OF CANADA (DOE) (CANADA)
02LB033,WATER SURVEY OF CANADA (DOE) (CANADA)
02LB036,WATER SURVEY OF CANADA (DOE) (CANADA)
02OA003,WATER SURVEY OF CANADA (DOE) (CANADA)
02OA016,WATER SURVEY OF CANADA (DOE) (CANADA)
02OA025,WATER SURVEY OF CANADA (DOE) (CANADA)
02OA028,WATER SURVEY OF CANADA (DOE) (CANADA)
02OA030,WATER SURVEY OF CANADA (DOE) (CANADA)
02OA032,WATER SURVEY OF CANADA (DOE) (CANADA)
02OA033,WATER SURVEY OF CANADA (DOE) (CANADA)
02OA107,WATER SURVEY OF CANADA (DOE) (CANADA)
02OE018,WATER SURVEY OF CANADA (DOE) (CANADA)
02OJ007,WATER SURVEY OF CANADA (DOE) (CANADA)
02PD018,WATER SURVEY OF CANADA (DOE) (CANADA)
02VC003,WATER SURVEY OF CANADA (DOE) (CANADA)
02XA003,WATER SURVEY OF CANADA (DOE) (CANADA)
02XA004,WATER SURVEY OF CANADA (DOE) (CANADA)
02XD002,WATER SURVEY OF CANADA (DOE) (CANADA)
02YA001,WATER SURVEY OF CANADA (DOE) (CANADA)
02YA002,WATER SURVEY OF CANADA (DOE) (CANADA)
02YC001,WATER SURVEY OF CANADA (DOE) (CANADA)
02YD002,WATER SURVEY OF CANADA (DOE) (CANADA)
02YE001,WATER SURVEY OF CANADA (DOE) (CANADA)
02YG001,WATER SURVEY OF CANADA (DOE) (CANADA)
02YG002,WATER SURVEY OF CANADA (DOE) (CANADA)
02YH001,WATER SURVEY OF CANADA (DOE) (CANADA)
02YJ001,WATER SURVEY OF CANADA (DOE) (CANADA)
02YJ002,WATER SURVEY OF CANADA (DOE) (CANADA)
02YJ003,WATER SURVEY OF CANADA (DOE) (CANADA)
02YK002,WATER SURVEY OF CANADA (DOE) (CANADA)
02YK005,WATER SURVEY OF CANADA (DOE) (CANADA)
02YK007,WATER SURVEY OF CANADA (DOE) (CANADA)
02YK008,WATER SURVEY OF CANADA (DOE) (CANADA)
02YL001,WATER SURVEY OF CANADA (DOE) (CANADA)
02YL003,WATER SURVEY OF CANADA (DOE) (CANADA)
02YL004,WATER SURVEY OF CANADA (DOE) (CANADA)
02YL005,WATER SURVEY OF CANADA (DOE) (CANADA)
02YL008,WATER SURVEY OF CANADA (DOE) (CANADA)
02YL010,WATER SURVEY OF CANADA (DOE) (CANADA)
02YL011,WATER SURVEY OF CANADA (DOE) (CANADA)
02YL012,WATER SURVEY OF CANADA (DOE) (CANADA)
02YM001,WATER SURVEY OF CANADA (DOE) (CANADA)
02YM003,WATER SURVEY OF CANADA (DOE) (CANADA)
02YM004,WATER SURVEY OF CANADA (DOE) (CANADA)
02YN002,WATER SURVEY OF CANADA (DOE) (CANADA)
02YN003,WATER SURVEY OF CANADA (DOE) (CANADA)
02YN004,WATER SURVEY OF CANADA (DOE) (CANADA)
02YO005,WATER SURVEY OF CANADA (DOE) (CANADA)
02YO006,WATER SURVEY OF CANADA (DOE) (CANADA)
02YO007,WATER SURVEY OF CANADA (DOE) (CANADA)
02YO008,WATER SURVEY OF CANADA (DOE) (CANADA)
02YO010,WATER SURVEY OF CANADA (DOE) (CANADA)
02YO011,WATER SURVEY OF CANADA (DOE) (CANADA)
02YO012,WATER SURVEY OF CANADA (DOE) (CANADA)
02YO013,WATER SURVEY OF CANADA (DOE) (CANADA)
02YO014,WATER SURVEY OF CANADA (DOE) (CANADA)
02YO015,WATER SURVEY OF CANADA (DOE) (CANADA)
02YO016,WATER SURVEY OF CANADA (DOE) (CANADA)
02YO018,WATER SURVEY OF CANADA (DOE) (CANADA)
02YP001,WATER SURVEY OF CANADA (DOE) (CANADA)
02YQ001,WATER SURVEY OF CANADA (DOE) (CANADA)
02YQ004,WATER SURVEY OF CANADA (DOE) (CANADA)
02YQ005,WATER SURVEY OF CANADA (DOE) (CANADA)
02YQ006,WATER SURVEY OF CANADA (DOE) (CANADA)
02YR001,WATER SURVEY OF CANADA (DOE) (CANADA)
02YR002,WATER SURVEY OF CANADA (DOE) (CANADA)
02YR003,WATER SURVEY OF CANADA (DOE) (CANADA)
02YR004,WATER SURVEY OF CANADA (DOE) (CANADA)
02YS003,WATER SURVEY OF CANADA (DOE) (CANADA)
02YS005,WATER SURVEY OF CANADA (DOE) (CANADA)
02YS006,WATER SURVEY OF CANADA (DOE) (CANADA)
02ZA001,WATER SURVEY OF CANADA (DOE) (CANADA)
02ZA002,WATER SURVEY OF CANADA (DOE) (CANADA)
02ZA003,WATER SURVEY OF CANADA (DOE) (CANADA)
02ZB001,WATER SURVEY OF CANADA (DOE) (CANADA)
02ZC002,WATER SURVEY OF CANADA (DOE) (CANADA)
02ZC003,WATER SURVEY OF CANADA (DOE) (CANADA)
02ZD002,WATER SURVEY OF CANADA (DOE) (CANADA)
02ZE004,WATER SURVEY OF CANADA (DOE) (CANADA)
02ZE005,WATER SURVEY OF CANADA (DOE) (CANADA)
02ZF001,WATER SURVEY OF CANADA (DOE) (CANADA)
02ZG001,WATER SURVEY OF CANADA (DOE) (CANADA)
02ZG002,WATER SURVEY OF CANADA (DOE) (CANADA)
02ZG003,WATER SURVEY OF CANADA (DOE) (CANADA)
02ZG004,WATER SURVEY OF CANADA (DOE) (CANADA)
02ZG005,WATER SURVEY OF CANADA (DOE) (CANADA)
02ZH001,WATER SURVEY OF CANADA (DOE) (CANADA)
02ZH002,WATER SURVEY OF CANADA (DOE) (CANADA)
02ZJ001,WATER SURVEY OF CANADA (DOE) (CANADA)
02ZJ002,WATER SURVEY OF CANADA (DOE) (CANADA)
02ZJ003,WATER SURVEY OF CANADA (DOE) (CANADA)
02ZK001,WATER SURVEY OF CANADA (DOE) (CANADA)
02ZK002,WATER SURVEY OF CANADA (DOE) (CANADA)
02ZK003,WATER SURVEY OF CANADA (DOE) (CANADA)
02ZK004,WATER SURVEY OF CANADA (DOE) (CANADA)
02ZK005,WATER SURVEY OF CANADA (DOE) (CANADA)
02ZK006,WATER SURVEY OF CANADA (DOE) (CANADA)
02ZK008,WATER SURVEY OF CANADA (DOE) (CANADA)
02ZL003,WATER SURVEY OF CANADA (DOE) (CANADA)
02ZL004,WATER SURVEY OF CANADA (DOE) (CANADA)
02ZL005,WATER SURVEY OF CANADA (DOE) (CANADA)
02ZM006,WATER SURVEY OF CANADA (DOE) (CANADA)
02ZM008,WATER SURVEY OF CANADA (DOE) (CANADA)
02ZM009,WATER SURVEY OF CANADA (DOE) (CANADA)
02ZM010,WATER SURVEY OF CANADA (DOE) (CANADA)
02ZM016,WATER SURVEY OF CANADA (DOE) (CANADA)
02ZM017,WATER SURVEY OF CANADA (DOE) (CANADA)
02ZM018,WATER SURVEY OF CANADA (DOE) (CANADA)
02ZM019,WATER SURVEY OF CANADA (DOE) (CANADA)
02ZM020,WATER SURVEY OF CANADA (DOE) (CANADA)
02ZM021,WATER SURVEY OF CANADA (DOE) (CANADA)
02ZM022,WATER SURVEY OF CANADA (DOE) (CANADA)
02ZM023,WATER SURVEY OF CANADA (DOE) (CANADA)
02ZM024,WATER SURVEY OF CANADA (DOE) (CANADA)
02ZN001,WATER SURVEY OF CANADA (DOE) (CANADA)
02ZN002,WATER SURVEY OF CANADA (DOE) (CANADA)
03NE001,WATER SURVEY OF CANADA (DOE) (CANADA)
03NE002,WATER SURVEY OF CANADA (DOE) (CANADA)
03NE004,WATER SURVEY OF CANADA (DOE) (CANADA)
03NE005,WATER SURVEY OF CANADA (DOE) (CANADA)
03NE006,WATER SURVEY OF CANADA (DOE) (CANADA)
03NE007,WATER SURVEY OF CANADA (DOE) (CANADA)
03NE009,WATER SURVEY OF CANADA (DOE) (CANADA)
03NE010,WATER SURVEY OF CANADA (DOE) (CANADA)
03NE011,WATER SURVEY OF CANADA (DOE) (CANADA)
03NE012,WATER SURVEY OF CANADA (DOE) (CANADA)
03NE013,WATER SURVEY OF CANADA (DOE) (CANADA)
03NF001,WATER SURVEY OF CANADA (DOE) (CANADA)
03NG001,WATER SURVEY OF CANADA (DOE) (CANADA)
03OA005,WATER SURVEY OF CANADA (DOE) (CANADA)
03OA007,WATER SURVEY OF CANADA (DOE) (CANADA)
03OA010,WATER SURVEY OF CANADA (DOE) (CANADA)
03OA012,WATER SURVEY OF CANADA (DOE) (CANADA)
03OA013,WATER SURVEY OF CANADA (DOE) (CANADA)
03OA015,WATER SURVEY OF CANADA (DOE) (CANADA)
03OA016,WATER SURVEY OF CANADA (DOE) (CANADA)
03OB004,WATER SURVEY OF CANADA (DOE) (CANADA)
03OB005,WATER SURVEY OF CANADA (DOE) (CANADA)
03OB006,WATER SURVEY OF CANADA (DOE) (CANADA)
03OB007,WATER SURVEY OF CANADA (DOE) (CANADA)
03OC003,WATER SURVEY OF CANADA (DOE) (CANADA)
03OC004,WATER SURVEY OF CANADA (DOE) (CANADA)
03OC005,WATER SURVEY OF CANADA (DOE) (CANADA)
03OD007,WATER SURVEY OF CANADA (DOE) (CANADA)
03OD008,WATER SURVEY OF CANADA (DOE) (CANADA)
03OD009,WATER SURVEY OF CANADA (DOE) (CANADA)
03OE001,WATER SURVEY OF CANADA (DOE) (CANADA)
03OE003,WATER SURVEY OF CANADA (DOE) (CANADA)
03OE010,WATER SURVEY OF CANADA (DOE) (CANADA)
03OE011,WATER SURVEY OF CANADA (DOE) (CANADA)
03OE013,WATER SURVEY OF CANADA (DOE) (CANADA)
03PB002,WATER SURVEY OF CANADA (DOE) (CANADA)
03QC001,WATER SURVEY OF CANADA (DOE) (CANADA)
03QC002,WATER SURVEY OF CANADA (DOE) (CANADA)
03QC003,WATER SURVEY OF CANADA (DOE) (CANADA)
04CA002,WATER SURVEY OF CANADA (DOE) (CANADA)
04CA003,WATER SURVEY OF CANADA (DOE) (CANADA)
04CA004,WATER SURVEY OF CANADA (DOE) (CANADA)
04CA005,WATER SURVEY OF CANADA (DOE) (CANADA)
04CB001,WATER SURVEY OF CANADA (DOE) (CANADA)
04CC001,WATER SURVEY OF CANADA (DOE) (CANADA)
04CD002,WATER SURVEY OF CANADA (DOE) (CANADA)
04CE002,WATER SURVEY OF CANADA (DOE) (CANADA)
04DA001,WATER SURVEY OF CANADA (DOE) (CANADA)
04DA002,WATER SURVEY OF CANADA (DOE) (CANADA)
04DB001,WATER SURVEY OF CANADA (DOE) (CANADA)
04DC001,WATER SURVEY OF CANADA (DOE) (CANADA)
04DC002,WATER SURVEY OF CANADA (DOE) (CANADA)
04EA001,WATER SURVEY OF CANADA (DOE) (CANADA)
04FA001,WATER SURVEY OF CANADA (DOE) (CANADA)
04FA002,WATER SURVEY OF CANADA (DOE) (CANADA)
04FA003,WATER SURVEY OF CANADA (DOE) (CANADA)
04FB001,WATER SURVEY OF CANADA (DOE) (CANADA)
04FC001,WATER SURVEY OF CANADA (DOE) (CANADA)
04GA002,WATER SURVEY OF CANADA (DOE) (CANADA)
04GA003,WATER SURVEY OF CANADA (DOE) (CANADA)
04GB004,WATER SURVEY OF CANADA (DOE) (CANADA)
04GB005,WATER SURVEY OF CANADA (DOE) (CANADA)
04GC002,WATER SURVEY OF CANADA (DOE) (CANADA)
04GD001,WATER SURVEY OF CANADA (DOE) (CANADA)
04GF001,WATER SURVEY OF CANADA (DOE) (CANADA)
04HA001,WATER SURVEY OF CANADA (DOE) (CANADA)
04JC002,WATER SURVEY OF CANADA (DOE) (CANADA)
04JD005,WATER SURVEY OF CANADA (DOE) (CANADA)
04JF001,WATER SURVEY OF CANADA (DOE) (CANADA)
04JG001,WATER SURVEY OF CANADA (DOE) (CANADA)
04KA001,WATER SURVEY OF CANADA (DOE) (CANADA)
04KA002,WATER SURVEY OF CANADA (DOE) (CANADA)
04LA002,WATER SURVEY OF CANADA (DOE) (CANADA)
04LA003,WATER SURVEY OF CANADA (DOE) (CANADA)
04LA004,WATER SURVEY OF CANADA (DOE) (CANADA)
04LA006,WATER SURVEY OF CANADA (DOE) (CANADA)
04LB002,WATER SURVEY OF CANADA (DOE) (CANADA)
04LC003,WATER SURVEY OF CANADA (DOE) (CANADA)
04LD001,WATER SURVEY OF CANADA (DOE) (CANADA)
04LE002,WATER SURVEY OF CANADA (DOE) (CANADA)
04LF001,WATER SURVEY OF CANADA (DOE) (CANADA)
04LG004,WATER SURVEY OF CANADA (DOE) (CANADA)
04LJ001,WATER SURVEY OF CANADA (DOE) (CANADA)
04LK001,WATER SURVEY OF CANADA (DOE) (CANADA)
04LM001,WATER SURVEY OF CANADA (DOE) (CANADA)
04MB004,WATER SURVEY OF CANADA (DOE) (CANADA)
04MD004,WATER SURVEY OF CANADA (DOE) (CANADA)
04ME003,WATER SURVEY OF CANADA (DOE) (CANADA)
04ME005,WATER SURVEY OF CANADA (DOE) (CANADA)
04MF001,WATER SURVEY OF CANADA (DOE) (CANADA)
05PA006,WATER SURVEY OF CANADA (DOE) (CANADA)
05PB014,WATER SURVEY OF CANADA (DOE) (CANADA)
05PB015,WATER SURVEY OF CANADA (DOE) (CANADA)
05PB018,WATER SURVEY OF CANADA (DOE) (CANADA)
05PC011,WATER SURVEY OF CANADA (DOE) (CANADA)
05PC022,WATER SURVEY OF CANADA (DOE) (CANADA)
05PC023,WATER SURVEY OF CANADA (DOE) (CANADA)
05PD026,WATER SURVEY OF CANADA (DOE) (CANADA)
05PE005,WATER SURVEY OF CANADA (DOE) (CANADA)
05PE006,WATER SURVEY OF CANADA (DOE) (CANADA)
05PE011,WATER SURVEY OF CANADA (DOE) (CANADA)
05PE020,WATER SURVEY OF CANADA (DOE) (CANADA)
05PE028,WATER SURVEY OF CANADA (DOE) (CANADA)
05PF051,WATER SURVEY OF CANADA (DOE) (CANADA)
05QA002,WATER SURVEY OF CANADA (DOE) (CANADA)
05QA004,WATER SURVEY OF CANADA (DOE) (CANADA)
05QC001,WATER SURVEY OF CANADA (DOE) (CANADA)
05QC003,WATER SURVEY OF CANADA (DOE) (CANADA)
05QD006,WATER SURVEY OF CANADA (DOE) (CANADA)
05QE008,WATER SURVEY OF CANADA (DOE) (CANADA)
05QE009,WATER SURVEY OF CANADA (DOE) (CANADA)
05QE012,WATER SURVEY OF CANADA (DOE) (CANADA)
05RC001,WATER SURVEY OF CANADA (DOE) (CANADA)
02OA040,WATER SURVEY OF CANADA (DOE) (CANADA)
02PD003,WATER SURVEY OF CANADA (DOE) (CANADA)
02LB001,WATER SURVEY OF CANADA (DOE) (CANADA)
02OA013,WATER SURVEY OF CANADA (DOE) (CANADA)
02LF016,MACLAREN-QUEBEC POWER COMPANY
02LF003,MACLAREN-QUEBEC POWER COMPANY
02WA002,QUEBEC HYDRO-ELECTRIC COMMISSION
03DB004,QUEBEC HYDRO-ELECTRIC COMMISSION
02JA003,QUEBEC HYDRO-ELECTRIC COMMISSION
02JA005,QUEBEC HYDRO-ELECTRIC COMMISSION
02JB005,QUEBEC HYDRO-ELECTRIC COMMISSION
02JB006,QUEBEC HYDRO-ELECTRIC COMMISSION
02JB008,QUEBEC HYDRO-ELECTRIC COMMISSION
02JB010,QUEBEC HYDRO-ELECTRIC COMMISSION
02JB021,QUEBEC HYDRO-ELECTRIC COMMISSION
02JB022,QUEBEC HYDRO-ELECTRIC COMMISSION
02JB023,QUEBEC HYDRO-ELECTRIC COMMISSION
02LG002,QUEBEC HYDRO-ELECTRIC COMMISSION
02LG003,QUEBEC HYDRO-ELECTRIC COMMISSION
02LG007,QUEBEC HYDRO-ELECTRIC COMMISSION
02LH009,QUEBEC HYDRO-ELECTRIC COMMISSION
02LH030,QUEBEC HYDRO-ELECTRIC COMMISSION
02MC010,QUEBEC HYDRO-ELECTRIC COMMISSION
02MC018,QUEBEC HYDRO-ELECTRIC COMMISSION
02MC021,QUEBEC HYDRO-ELECTRIC COMMISSION
02MC029,QUEBEC HYDRO-ELECTRIC COMMISSION
02NA001,QUEBEC HYDRO-ELECTRIC COMMISSION
02NA003,QUEBEC HYDRO-ELECTRIC COMMISSION
02NB001,QUEBEC HYDRO-ELECTRIC COMMISSION
02KC017,QUEBEC HYDRO-ELECTRIC COMMISSION
02LA019,QUEBEC HYDRO-ELECTRIC COMMISSION
02LB024,QUEBEC HYDRO-ELECTRIC COMMISSION
02NB002,QUEBEC HYDRO-ELECTRIC COMMISSION
02NB003,QUEBEC HYDRO-ELECTRIC COMMISSION
02NB004,QUEBEC HYDRO-ELECTRIC COMMISSION
02NB005,QUEBEC HYDRO-ELECTRIC COMMISSION
02NB006,QUEBEC HYDRO-ELECTRIC COMMISSION
02NC002,QUEBEC HYDRO-ELECTRIC COMMISSION
02NC003,QUEBEC HYDRO-ELECTRIC COMMISSION
02NE002,QUEBEC HYDRO-ELECTRIC COMMISSION
02NE009,QUEBEC HYDRO-ELECTRIC COMMISSION
02NF002,QUEBEC HYDRO-ELECTRIC COMMISSION
02NF005,QUEBEC HYDRO-ELECTRIC COMMISSION
02NG001,QUEBEC HYDRO-ELECTRIC COMMISSION
02NG005,QUEBEC HYDRO-ELECTRIC COMMISSION
02NG006,QUEBEC HYDRO-ELECTRIC COMMISSION
02OA072,QUEBEC HYDRO-ELECTRIC COMMISSION
02OB016,QUEBEC HYDRO-ELECTRIC COMMISSION
02OE006,QUEBEC HYDRO-ELECTRIC COMMISSION
02OE011,QUEBEC HYDRO-ELECTRIC COMMISSION
02OF002,QUEBEC HYDRO-ELECTRIC COMMISSION
02OF019,QUEBEC HYDRO-ELECTRIC COMMISSION
02PA003,QUEBEC HYDRO-ELECTRIC COMMISSION
02PB002,QUEBEC HYDRO-ELECTRIC COMMISSION
02PE001,QUEBEC HYDRO-ELECTRIC COMMISSION
02PE004,QUEBEC HYDRO-ELECTRIC COMMISSION
02PK008,QUEBEC HYDRO-ELECTRIC COMMISSION
02QA003,QUEBEC HYDRO-ELECTRIC COMMISSION
02QA004,QUEBEC HYDRO-ELECTRIC COMMISSION
02QA005,QUEBEC HYDRO-ELECTRIC COMMISSION
02RB003,QUEBEC HYDRO-ELECTRIC COMMISSION
02SB001,QUEBEC HYDRO-ELECTRIC COMMISSION
02SB002,QUEBEC HYDRO-ELECTRIC COMMISSION
02SB003,QUEBEC HYDRO-ELECTRIC COMMISSION
02SB004,QUEBEC HYDRO-ELECTRIC COMMISSION
02SB006,QUEBEC HYDRO-ELECTRIC COMMISSION
02TC003,QUEBEC HYDRO-ELECTRIC COMMISSION
02TC004,QUEBEC HYDRO-ELECTRIC COMMISSION
02TE002,QUEBEC HYDRO-ELECTRIC COMMISSION
02TE003,QUEBEC HYDRO-ELECTRIC COMMISSION
02WA001,QUEBEC HYDRO-ELECTRIC COMMISSION
02WC002,QUEBEC HYDRO-ELECTRIC COMMISSION
03DA002,QUEBEC HYDRO-ELECTRIC COMMISSION
03DC004,QUEBEC HYDRO-ELECTRIC COMMISSION
03DF002,QUEBEC HYDRO-ELECTRIC COMMISSION
03ED004,QUEBEC HYDRO-ELECTRIC COMMISSION
03FC003,QUEBEC HYDRO-ELECTRIC COMMISSION
01AF010,CITY OF EDMUNSTON
01AH004,NEW BRUNSWICK ELECTRIC POWER COMMISSION
01AJ012,NEW BRUNSWICK ELECTRIC POWER COMMISSION
01AK010,NEW BRUNSWICK ELECTRIC POWER COMMISSION
01AQ003,NEW BRUNSWICK ELECTRIC POWER COMMISSION
01AQ004,NEW BRUNSWICK ELECTRIC POWER COMMISSION
01BK003,NEW BRUNSWICK ELECTRIC POWER COMMISSION
02AB004,ONTARIO MINISTRY OF THE ENVIRONMENT
02AB010,ONTARIO MINISTRY OF THE ENVIRONMENT
02AB011,ONTARIO MINISTRY OF THE ENVIRONMENT
02AB012,ONTARIO MINISTRY OF THE ENVIRONMENT
02AB013,ONTARIO MINISTRY OF THE ENVIRONMENT
02AD008,ONTARIO MINISTRY OF THE ENVIRONMENT
02AD009,ONTARIO MINISTRY OF THE ENVIRONMENT
02CB001,ONTARIO MINISTRY OF THE ENVIRONMENT
02CB002,ONTARIO MINISTRY OF THE ENVIRONMENT
02CC007,ONTARIO MINISTRY OF THE ENVIRONMENT
02CC009,ONTARIO MINISTRY OF THE ENVIRONMENT
02CE103,ONTARIO MINISTRY OF THE ENVIRONMENT
02CF100,ONTARIO MINISTRY OF THE ENVIRONMENT
02DB006,ONTARIO MINISTRY OF THE ENVIRONMENT
02DC003,ONTARIO MINISTRY OF THE ENVIRONMENT
02DC007,ONTARIO MINISTRY OF THE ENVIRONMENT
02EB103,ONTARIO MINISTRY OF THE ENVIRONMENT
02EB104,ONTARIO MINISTRY OF THE ENVIRONMENT
02EB105,ONTARIO MINISTRY OF THE ENVIRONMENT
02EC103,ONTARIO MINISTRY OF THE ENVIRONMENT
02ED004,ONTARIO MINISTRY OF THE ENVIRONMENT
02JE012,ONTARIO MINISTRY OF THE ENVIRONMENT
02JE021,ONTARIO MINISTRY OF THE ENVIRONMENT
02GC035,ONTARIO MINISTRY OF THE ENVIRONMENT
02HC103,ONTARIO MINISTRY OF THE ENVIRONMENT
02HC104,ONTARIO MINISTRY OF THE ENVIRONMENT
02HC105,ONTARIO MINISTRY OF THE ENVIRONMENT
02HC106,ONTARIO MINISTRY OF THE ENVIRONMENT
02HC114,ONTARIO MINISTRY OF THE ENVIRONMENT
02HL101,ONTARIO MINISTRY OF THE ENVIRONMENT
02HL102,ONTARIO MINISTRY OF THE ENVIRONMENT
02HL103,ONTARIO MINISTRY OF THE ENVIRONMENT
02HL104,ONTARIO MINISTRY OF THE ENVIRONMENT
02JD010,ONTARIO MINISTRY OF THE ENVIRONMENT
02KA002,ONTARIO MINISTRY OF THE ENVIRONMENT
02KE005,ONTARIO MINISTRY OF THE ENVIRONMENT
02KF009,ONTARIO MINISTRY OF THE ENVIRONMENT
02LB101,ONTARIO MINISTRY OF THE ENVIRONMENT
04GA001,ONTARIO MINISTRY OF THE ENVIRONMENT
04GB001,ONTARIO MINISTRY OF THE ENVIRONMENT
04JD002,ONTARIO MINISTRY OF THE ENVIRONMENT
04JD003,ONTARIO MINISTRY OF THE ENVIRONMENT
04LG003,ONTARIO MINISTRY OF THE ENVIRONMENT
04ME002,ONTARIO MINISTRY OF THE ENVIRONMENT
04ME004,ONTARIO MINISTRY OF THE ENVIRONMENT
02AD002,ONTARIO POWER GENERATION
02AD006,ONTARIO POWER GENERATION
02CC002,ONTARIO POWER GENERATION
02CC003,ONTARIO POWER GENERATION
02CE003,ONTARIO POWER GENERATION
02CF001,ONTARIO POWER GENERATION
02CG001,ONTARIO POWER GENERATION
02DB001,ONTARIO POWER GENERATION
02DB002,ONTARIO POWER GENERATION
02DC001,ONTARIO POWER GENERATION
02DC008,ONTARIO POWER GENERATION
02DC009,ONTARIO POWER GENERATION
02DD001,ONTARIO POWER GENERATION
02EA001,ONTARIO POWER GENERATION
02EB009,ONTARIO POWER GENERATION
02EB010,ONTARIO POWER GENERATION
02EC001,ONTARIO POWER GENERATION
02ED001,ONTARIO POWER GENERATION
02FB004,ONTARIO POWER GENERATION
02FB005,ONTARIO POWER GENERATION
02FB006,ONTARIO POWER GENERATION
02FB008,ONTARIO POWER GENERATION
02FE001,ONTARIO POWER GENERATION
02FF001,ONTARIO POWER GENERATION
02GA002,ONTARIO POWER GENERATION
02GA004,ONTARIO POWER GENERATION
02GA007,ONTARIO POWER GENERATION
02GA008,ONTARIO POWER GENERATION
02GA009,ONTARIO POWER GENERATION
02GA011,ONTARIO POWER GENERATION
02GA012,ONTARIO POWER GENERATION
02JD011,ONTARIO POWER GENERATION
02JD012,ONTARIO POWER GENERATION
02JE008,ONTARIO POWER GENERATION
02GB002,ONTARIO POWER GENERATION
02GB003,ONTARIO POWER GENERATION
02GB004,ONTARIO POWER GENERATION
02GB005,ONTARIO POWER GENERATION
02HK802,ONTARIO POWER GENERATION
02JC001,ONTARIO POWER GENERATION
02JD008,ONTARIO POWER GENERATION
02KC001,ONTARIO POWER GENERATION
02KC002,ONTARIO POWER GENERATION
02KC003,ONTARIO POWER GENERATION
02KD007,ONTARIO POWER GENERATION
02KE003,ONTARIO POWER GENERATION
02KE004,ONTARIO POWER GENERATION
02KF002,ONTARIO POWER GENERATION
02KF003,ONTARIO POWER GENERATION
02LA001,ONTARIO POWER GENERATION
04MB003,ONTARIO POWER GENERATION
04MD001,ONTARIO POWER GENERATION
04MD002,ONTARIO POWER GENERATION
05PE010,ONTARIO POWER GENERATION
05QB006,ONTARIO POWER GENERATION
05QB007,ONTARIO POWER GENERATION
05QD001,ONTARIO POWER GENERATION
05QE005,ONTARIO POWER GENERATION
05QE006,ONTARIO POWER GENERATION
05QE007,ONTARIO POWER GENERATION
02BD002,GREAT LAKES POWER COMPANY LIMITED
02BE002,GREAT LAKES POWER COMPANY LIMITED
02CA001,INTERNATIONAL LAKE SUPERIOR BOARD OF CONTROL
02CE001,EDDY FOREST PRODUCTS LIMITED
02CE004,INTERNATIONAL NICKEL COMPANY OF CANADA LIMITED
02CF004,INTERNATIONAL NICKEL COMPANY OF CANADA LIMITED
02EC003,ORILLIA LIGHT AND POWER
02EC016,ORILLIA LIGHT AND POWER
02HA003,INTERNATIONAL NIAGARA COMMITTEE
02HA019,ST. LAWRENCE SEAWAY AUTHORITY
02JD005,GREAT NORTHERN POWER COMPANY
02MC002,INTERNATIONAL ST. LAWRENCE RIVER BOARD OF CONTROL
02KH002,PEMBROKE ELECTRIC LIGHT COMPANY
02OA024,ADM. DE LA VOIE MARITIME DU SAINT-LAURENT
02OB045,UNIVERSITE DE MONTREAL
02OE007,VILLE DE SHERBROOKE
02OE017,VILLE DE SHERBROOKE
02OE059,VILLE DE SHERBROOKE
02OE060,DOMINION TEXTILES COMPANY
02OJ003,TRANSPORT CANADA
02PC004,DOMTAR PULP AND PAPER COMPANY
02PD008,VILLE DE QUEBEC
02RA001,LA COMPAGNIE ALUMINIUM DU CANADA
02RB001,LA COMPAGNIE ALUMINIUM DU CANADA
02RC002,LA COMPAGNIE ALUMINIUM DU CANADA
02RC003,LA COMPAGNIE ALUMINIUM DU CANADA
02RC005,LA COMPAGNIE ALUMINIUM DU CANADA
02RC007,LA COMPAGNIE ALUMINIUM DU CANADA
02RH001,LA COMPAGNIE ALUMINIUM DU CANADA
02RH017,LA COMPAGNIE ALUMINIUM DU CANADA
02RH019,LA COMPAGNIE ALUMINIUM DU CANADA
02RH062,LA COMPAGNIE ALUMINIUM DU CANADA
02RG006,SAINT-RAYMOND PAPER COMPANY
02RH003,LA COMPAGNIE PRICE LIMITEE
02RH004,LA COMPAGNIE PRICE LIMITEE
02RH005,LA COMPAGNIE PRICE LIMITEE
02RH006,LA COMPAGNIE PRICE LIMITEE
02RH008,LA COMPAGNIE PRICE LIMITEE
02RH011,LA COMPAGNIE PRICE LIMITEE
02RH012,LA COMPAGNIE PRICE LIMITEE
02TB001,QUEBEC CARTIER MINING COMPANY
02TC001,QUEBEC NORTH SHORE PAPER COMPANY
02TC002,QUEBEC NORTH SHORE PAPER COMPANY
02TE001,QUEBEC NORTH SHORE PAPER COMPANY
02UB002,GULF POWER COMPANY
02YK001,DEER LAKE POWER COMPANY LTD.
02YL002,DEER LAKE POWER COMPANY LTD.
02YK006,NEWFOUNDLAND AND LABRADOR HYDRO
02ZE003,NEWFOUNDLAND AND LABRADOR HYDRO
03OA001,NEWFOUNDLAND AND LABRADOR HYDRO
03OC006,NEWFOUNDLAND AND LABRADOR HYDRO
03OD005,NEWFOUNDLAND AND LABRADOR HYDRO
03OD006,NEWFOUNDLAND AND LABRADOR HYDRO
02YO001,ABITIBI CONSOLIDATED
04LB001,ABITIBI CONSOLIDATED
04MC001,ABITIBI CONSOLIDATED
04MC002,ABITIBI CONSOLIDATED
04ME001,ABITIBI CONSOLIDATED
05PB009,ABITIBI CONSOLIDATED
05PC019,ABITIBI CONSOLIDATED
02YO003,NEWFOUNDLAND LIGHT AND POWER COMPANY LIMITED
02YO004,NEWFOUNDLAND LIGHT AND POWER COMPANY LIMITED
02ZM001,NEWFOUNDLAND LIGHT AND POWER COMPANY LIMITED
02ZM002,NEWFOUNDLAND LIGHT AND POWER COMPANY LIMITED
02ZM003,NEWFOUNDLAND LIGHT AND POWER COMPANY LIMITED
03OA004,CHURCHILL FALLS (LABRADOR) CORPORATION LIMITED
03OB003,CHURCHILL FALLS (LABRADOR) CORPORATION LIMITED
03OD004,CHURCHILL FALLS (LABRADOR) CORPORATION LIMITED
03OE002,CHURCHILL FALLS (LABRADOR) CORPORATION LIMITED
03OD002,TWIN FALLS POWER CORPORATION LIMITED
04LC001,SPRUCE FALLS POWER AND PAPER COMPANY
04LG001,SPRUCE FALLS POWER AND PAPER COMPANY
05PA012,UNITED STATES GEOLOGICAL SURVEY
05PC018,UNITED STATES GEOLOGICAL SURVEY
05PB019,ATOMIC ENERGY OF CANADA
05PB020,ATOMIC ENERGY OF CANADA
05PB021,ATOMIC ENERGY OF CANADA
05PB022,ATOMIC ENERGY OF CANADA
05PD014,FISHERIES AND OCEANS CANADA
05PD015,FISHERIES AND OCEANS CANADA
05PD017,FISHERIES AND OCEANS CANADA
05PD019,FISHERIES AND OCEANS CANADA
05PD022,FISHERIES AND OCEANS CANADA
05PD023,FISHERIES AND OCEANS CANADA
05PD024,FISHERIES AND OCEANS CANADA
05PD028,FISHERIES AND OCEANS CANADA
05PD031,FISHERIES AND OCEANS CANADA
05PD032,FISHERIES AND OCEANS CANADA
05QD008,FISHERIES AND OCEANS CANADA
05QD015,FISHERIES AND OCEANS CANADA
05QD017,FISHERIES AND OCEANS CANADA
05QD018,FISHERIES AND OCEANS CANADA
05QD019,FISHERIES AND OCEANS CANADA
05QD023,FISHERIES AND OCEANS CANADA
05QD024,FISHERIES AND OCEANS CANADA
05QD025,FISHERIES AND OCEANS CANADA
05QD003,PRIVATE
05QD016,AVENOR INC.
